,_step,_runtime,_timestamp,global_step,eval/mean_reward,eval/mean_ep_length,rollout/exploration_rate,time/fps,rollout/ep_len_mean,rollout/ep_rew_mean,train/loss,train/clip_loss,train/learning_rate,train/bound_violations,rollout/tot_ep_rew_mean,clip_method
0,0,1.6323614120483398,1676685183.9902954,500,0.0,200.0,0.9803624749183656,,,,,,,,,soft_hard
1,1,2.049021005630493,1676685184.406955,900,,,0.9645816087722778,1787.0,225.0,17.25,,,,,,soft_hard
2,2,2.119470596313477,1676685184.4774046,1000,0.0,200.0,0.9606856107711792,,,,,,,,,soft_hard
3,3,2.2052721977233887,1676685184.5632062,1500,0.0,200.0,0.941008687019348,,,,,,,,,soft_hard
4,4,2.2217671871185303,1676685184.5797012,1900,,,0.9252278208732604,2808.0,237.5,16.0,,,,,,soft_hard
5,5,2.2872474193573,1676685184.6451814,2000,0.0,200.0,0.921331822872162,,,,,,,,,soft_hard
6,6,2.3683269023895264,1676685184.726261,2500,0.0,200.0,0.9016549587249756,,,,,,,,,soft_hard
7,8,2.451719045639038,1676685184.809653,3000,0.0,200.0,0.8819780349731445,,,,,,,,,soft_hard
8,9,2.534252643585205,1676685184.8921866,3500,0.0,200.0,0.8623011708259583,,,,,,,,,soft_hard
9,11,2.617893695831299,1676685184.9758277,4000,0.0,200.0,0.8426242470741272,,,,,,,,,soft_hard
10,12,2.7006185054779053,1676685185.0585525,4500,0.0,200.0,0.8229473829269409,,,,,,,,,soft_hard
11,13,2.7173192501068115,1676685185.0752532,4900,,,0.8071665167808533,4180.0,245.0,18.024999618530273,,,,,,soft_hard
12,14,2.783881664276123,1676685185.1418157,5000,0.0,200.0,0.8032705187797546,,,,,,,,,soft_hard
13,15,3.4875450134277344,1676685185.845479,5500,0.0,200.0,0.7835935950279236,,,,0.0798664391040802,8.659197192173451e-05,0.0031840000301599503,-0.4080400466918946,2249.837646484375,soft_hard
14,16,4.030184745788574,1676685186.3881187,5900,,,0.7678127884864807,2374.0,245.8333282470703,22.9375,0.05952975153923035,0.0003186027461197227,0.0031840000301599503,-1.1758041381835938,4286.89306640625,soft_hard
15,17,4.198243618011475,1676685186.5561776,6000,97.0,200.0,0.7639167308807373,,,,0.06072831153869629,4.611264739651233e-05,0.0031840000301599503,-0.34273529052734375,4860.33056640625,soft_hard
16,18,5.38045072555542,1676685187.7383847,6500,97.0,200.0,0.744239866733551,,,,0.02448476292192936,1.7704947822494432e-05,0.0031840000301599503,-0.10794830322265624,7978.0517578125,soft_hard
17,19,5.920196771621704,1676685188.2781308,6900,,,0.7284590005874634,1577.0,246.42857360839844,29.696428298950195,0.020450282841920853,0.0001974604383576661,0.0031840000301599503,-0.43331050872802734,10771.8544921875,soft_hard
18,20,6.088562250137329,1676685188.4464962,7000,97.0,200.0,0.72456294298172,,,,0.02270510420203209,2.760074676189106e-05,0.0031840000301599503,-0.16137313842773438,11514.265625,soft_hard
19,21,6.791889905929565,1676685189.149824,7500,97.0,200.0,0.7048860788345337,,,,0.0032333689741790295,2.6718140361481343e-05,0.0031840000301599503,-0.16182994842529297,15451.6015625,soft_hard
20,22,7.352210998535156,1676685189.710145,7900,,,0.689105212688446,1360.0,246.875,35.796875,0.001965811476111412,3.8417638279497623e-05,0.0031840000301599503,-0.2224750518798828,18862.220703125,soft_hard
21,23,7.51760196685791,1676685189.875536,8000,97.0,200.0,0.6852092146873474,,,,0.0017672533867880702,0.00011338863259879872,0.0031840000301599503,-0.5686845779418945,19757.142578125,soft_hard
22,25,8.757791519165039,1676685191.1157255,8900,,,0.6497514247894287,1233.0,247.22222900390625,40.83333206176758,0.00024806198780424893,2.0664216208388098e-05,0.0031840000301599503,-0.10429096221923828,28346.59765625,soft_hard
23,26,8.923301458358765,1676685191.2812357,9000,97.0,200.0,0.6458554267883301,,,,0.00056048872647807,0.00020153367950115353,0.0031840000301599503,-0.7709751129150391,29367.4296875,soft_hard
24,27,9.626923084259031,1676685191.984857,9500,97.0,200.0,0.6261785626411438,,,,0.00032311538234353065,0.0001342913747066632,0.0031840000301599503,-0.5833539962768555,34599.2734375,soft_hard
25,28,10.163577795028688,1676685192.5215118,9900,,,0.6103976964950562,1148.0,247.5,44.75,0.0002904597495216876,5.093539584777318e-05,0.0031840000301599503,-0.2466468811035156,38961.50390625,soft_hard
26,29,10.329214096069336,1676685192.687148,10000,97.0,200.0,0.6065016388893127,,,,0.0004883816000074148,7.86550881457515e-05,0.0031840000301599503,-0.4024629592895508,40080.25390625,soft_hard
27,30,11.028694152832031,1676685193.3866282,10500,97.0,200.0,0.5868247747421265,,,,0.00026182664441876113,7.258612458826974e-05,0.0031840000301599503,-0.315765380859375,45787.796875,soft_hard
28,31,11.480592012405396,1676685193.838526,10900,,,0.5710439085960388,1097.0,247.7272796630859,48.78409194946289,0.000234208011534065,6.376666715368629e-05,0.0031840000301599503,-0.29225635528564453,50533.87890625,soft_hard
29,32,11.59746766090393,1676685193.9554017,11000,97.0,200.0,0.5671479105949402,,,,0.011071167886257172,0.0001442808425053954,0.0031840000301599503,-0.5439748764038086,51753.48046875,soft_hard
30,33,12.06291437149048,1676685194.4208484,11500,97.0,200.0,0.5474709868431091,,,,0.00031347188632935286,9.306862921221182e-05,0.0031840000301599503,-0.4121866226196289,57978.08984375,soft_hard
31,34,12.413424491882324,1676685194.7713585,11900,,,0.5316901206970215,1094.0,247.9166717529297,52.28125,0.0005393399624153972,0.00011317382450215518,0.0031840000301599503,-0.48812294006347656,63120.3984375,soft_hard
32,35,12.529340982437134,1676685194.887275,12000,97.0,200.0,0.5277941226959229,,,,0.0003331865882501006,0.00013926310930401087,0.0031840000301599503,-0.5983705520629883,64427.4296875,soft_hard
33,36,12.994241952896118,1676685195.352176,12500,97.0,200.0,0.5081172585487366,,,,0.000937685661483556,6.451807712437585e-05,0.0031840000301599503,-0.277496337890625,71060.671875,soft_hard
34,37,13.346541166305542,1676685195.7044752,12900,,,0.49233636260032654,1093.0,248.0769195556641,55.653846740722656,0.0003117537416983396,0.0001585673599038273,0.0031840000301599503,-0.6599664688110352,76525.78125,soft_hard
35,39,13.935378313064575,1676685196.2933123,13500,97.0,200.0,0.4687634706497192,,,,0.000160701441927813,1.6260051779681817e-05,0.0031840000301599503,-0.06699085235595703,84964.828125,soft_hard
36,40,14.291156530380247,1676685196.6490903,13900,,,0.4529826045036316,1090.0,248.2142791748047,58.96428680419922,0.0004039183259010315,4.754465408041142e-05,0.0031840000301599503,-0.2876777648925781,90741.359375,soft_hard
37,42,14.8815176486969,1676685197.2394516,14500,97.0,200.0,0.4294096827507019,,,,0.0005970470956526697,4.761189120472409e-05,0.0031840000301599503,-0.2422199249267578,99675.96875,soft_hard
38,43,15.239479541778564,1676685197.5974135,14900,,,0.41362884640693665,1088.0,248.3333282470703,61.81666564941406,0.017903050407767296,0.00037005069316364825,0.0031840000301599503,-0.9503192901611328,105774.6796875,soft_hard
39,44,15.358020544052124,1676685197.7159543,15000,97.0,200.0,0.4097328186035156,,,,0.013596266508102415,0.00030328394495882094,0.0031840000301599503,-0.8501272201538086,107320.09375,soft_hard
40,46,16.200137853622437,1676685198.558072,15900,,,0.3742750585079193,1084.0,248.4375,64.4765625,0.0002572664525359869,7.930521678645164e-05,0.0031840000301599503,-0.40877342224121094,121486.1953125,soft_hard
41,47,16.31955575942993,1676685198.6774898,16000,97.0,200.0,0.3703790307044983,,,,0.0017498817760497332,0.0,0.0031840000301599503,0.0,123098.109375,soft_hard
42,48,16.800642728805542,1676685199.1585767,16500,97.0,200.0,0.350702166557312,,,,0.014086533337831495,1.5385132428491488e-05,0.0031840000301599503,-0.06516361236572266,131239.90625,soft_hard
43,49,17.166064977645874,1676685199.523999,16900,,,0.33492130041122437,1081.0,248.5294189453125,66.99264526367188,0.001038955990225077,0.00019127957057207823,0.0031840000301599503,-0.6415157318115234,137864.359375,soft_hard
44,50,17.28635263442993,1676685199.6442866,17000,97.0,200.0,0.33102527260780334,,,,0.0011014967458322644,0.0003820871643256396,0.0031840000301599503,-1.149796485900879,139539.1875,soft_hard
45,51,17.768242120742798,1676685200.126176,17500,97.0,200.0,0.3113483786582947,,,,0.00028067524544894695,0.00011415019980631767,0.0031840000301599503,-0.4914083480834961,147992.171875,soft_hard
46,52,18.134888172149655,1676685200.4928222,17900,,,0.29556751251220703,1078.0,248.61111450195312,69.36111450195312,0.0013219432439655066,9.556945587974042e-05,0.0031840000301599503,-0.3174314498901367,154861.703125,soft_hard
47,53,18.254955053329468,1676685200.612889,18000,97.0,200.0,0.291671484708786,,,,0.017740068957209587,5.89281007705722e-05,0.0031840000301599503,-0.2548694610595703,156595.734375,soft_hard
48,54,18.738524675369263,1676685201.096459,18500,97.0,200.0,0.27199462056159973,,,,0.0009342457633465528,2.415050403214991e-05,0.0031840000301599503,-0.1957368850708008,165340.671875,soft_hard
49,55,19.103414058685303,1676685201.461348,18900,,,0.2562137544155121,1076.0,248.6842041015625,71.54605102539062,0.028443964198231697,0.00027560844318941236,0.0031840000301599503,-0.861607551574707,172431.34375,soft_hard
50,56,19.222838401794434,1676685201.5807724,19000,97.0,200.0,0.25231772661209106,,,,0.014661415480077268,4.710068606073037e-05,0.0031840000301599503,-0.19631481170654297,174220.0,soft_hard
51,57,19.71092128753662,1676685202.0688553,19500,97.0,200.0,0.2326408475637436,,,,0.0006368136964738369,0.00019916376913897693,0.0031840000301599503,-0.7984952926635742,183230.703125,soft_hard
52,58,20.08202886581421,1676685202.4399629,19900,,,0.21685998141765592,1073.0,248.75,73.6875,0.0015128495870158076,0.0003940466267522425,0.0031840000301599503,-0.9053001403808594,190535.53125,soft_hard
53,59,20.20284748077393,1676685202.5607817,20000,97.0,200.0,0.21296395361423492,,,,0.0006141410558484495,5.2505343774100766e-05,0.0031840000301599503,-0.21857547760009768,192377.71875,soft_hard
54,60,20.695161819458008,1676685203.0530958,20500,97.0,200.0,0.19328707456588745,,,,0.00033101459848694503,5.201864041737281e-05,0.0031840000301599503,-0.29283618927001953,201652.46875,soft_hard
55,61,21.07166814804077,1676685203.429602,20900,,,0.1775062084197998,1070.0,248.8095245361328,75.66071319580078,0.0010358623694628475,4.103863466298208e-05,0.0031840000301599503,-0.25263214111328125,209159.828125,soft_hard
56,62,21.19248342514038,1676685203.5504174,21000,97.0,200.0,0.17361019551753998,,,,0.018325237557291985,8.715099102118984e-05,0.0031840000301599503,-0.3940753936767578,211051.34375,soft_hard
57,63,21.68531894683838,1676685204.043253,21500,97.0,200.0,0.1539333015680313,,,,0.0011265320936217904,4.773279943037778e-05,0.0031840000301599503,-0.22547054290771484,220569.9375,soft_hard
58,64,22.05841875076294,1676685204.4163527,21900,,,0.13815245032310486,1067.0,248.86363220214844,77.51136016845703,0.0005947532481513917,5.945239536231384e-05,0.0031840000301599503,-0.25317859649658203,228265.109375,soft_hard
59,65,22.180216550827023,1676685204.5381503,22000,97.0,200.0,0.13425642251968384,,,,0.00270082033239305,0.00048313321894966066,0.0031840000301599503,-1.0490055084228516,230202.890625,soft_hard
60,66,22.6834135055542,1676685205.0413475,22500,97.0,200.0,0.11457953602075575,,,,0.0005504786386154592,8.79144063219428e-05,0.0031840000301599503,-0.3415260314941406,239949.6875,soft_hard
61,67,23.06432580947876,1676685205.4222598,22900,,,0.09879867732524872,1064.0,248.9130401611328,79.22826385498047,0.015678979456424713,0.00011728979734471068,0.0031840000301599503,-0.35591888427734375,247823.0,soft_hard
62,68,23.188480377197266,1676685205.5464144,23000,97.0,200.0,0.0949026495218277,,,,0.0010530775180086491,0.00015776332293171436,0.0031840000301599503,-0.596776008605957,249803.703125,soft_hard
63,71,24.19767594337463,1676685206.55561,24000,97.0,200.0,0.055548880249261856,,,,0.000501803238876164,0.0001436038437532261,0.0031840000301599503,-0.5190849304199219,269827.34375,soft_hard
64,72,24.709530115127563,1676685207.067464,24500,97.0,200.0,0.05000000074505806,,,,0.0010672023054212332,0.00041759866871871054,0.0031840000301599503,-1.1507139205932615,279989.625,soft_hard
65,73,25.096709489822388,1676685207.4546435,24900,,,0.05000000074505806,1057.0,249.0,82.41500091552734,0.0006127950036898255,3.995200677309185e-05,0.0031840000301599503,-0.2095651626586914,288186.9375,soft_hard
66,74,25.22151279449463,1676685207.5794468,25000,97.0,200.0,0.05000000074505806,,,,0.003116617677733302,0.00032629602355882525,0.0031840000301599503,-0.6666297912597656,290247.3125,soft_hard
67,75,25.731253385543823,1676685208.0891874,25500,97.0,200.0,0.05000000074505806,,,,0.0013997025089338422,8.381239808841201e-07,0.0031840000301599503,-0.02150917053222656,300664.0625,soft_hard
68,76,26.118056535720825,1676685208.4759903,25900,,,0.05000000074505806,1054.0,250.0,86.51499938964844,0.0007723065791651607,0.0003116777224931866,0.0031840000301599503,-0.9136066436767578,309161.5625,soft_hard
69,77,26.24367642402649,1676685208.6016104,26000,97.0,200.0,0.05000000074505806,,,,0.01066612545400858,7.560814265161753e-05,0.0031840000301599503,-0.3692045211791992,311324.4375,soft_hard
70,78,26.754921913146973,1676685209.112856,26500,97.0,200.0,0.05000000074505806,,,,0.0012280112132430077,4.578900188789703e-05,0.0031840000301599503,-0.2677135467529297,322245.8125,soft_hard
71,79,27.136935234069824,1676685209.4948692,26900,,,0.05000000074505806,1051.0,250.0,90.7300033569336,0.0006999245961196721,6.458152347477153e-05,0.0031840000301599503,-0.29868125915527344,331173.5625,soft_hard
72,80,27.26121973991394,1676685209.6191535,27000,97.0,200.0,0.05000000074505806,,,,0.0013183789560571313,3.9449554606107995e-05,0.0031840000301599503,-0.2337684631347656,333441.8125,soft_hard
73,81,27.77807331085205,1676685210.1360073,27500,97.0,200.0,0.05000000074505806,,,,0.0012942408211529257,1.8763121261144988e-05,0.0031840000301599503,-0.1525859832763672,344896.8125,soft_hard
74,83,28.295159339904785,1676685210.653093,28000,97.0,200.0,0.05000000074505806,,,,0.0006555584259331226,0.00015549713862128556,0.0031840000301599503,-0.5450105667114258,356579.4375,soft_hard
75,84,28.835723400115967,1676685211.1936574,28500,97.0,200.0,0.05000000074505806,,,,0.000628326612059027,0.00020793647854588929,0.0031840000301599503,-0.7039575576782227,368516.4375,soft_hard
76,85,29.2403347492218,1676685211.5982687,28900,,,0.05000000074505806,1043.0,250.0,98.51499938964844,0.01085643656551838,0.0001001555283437483,0.0031840000301599503,-0.4067230224609375,378248.4375,soft_hard
77,86,29.37016749382019,1676685211.7281015,29000,97.0,200.0,0.05000000074505806,,,,0.00034451918327249587,4.7119279770413414e-05,0.0031840000301599503,-0.223052978515625,380711.3125,soft_hard
78,87,29.933530569076535,1676685212.2914646,29500,97.0,200.0,0.05000000074505806,,,,0.014991543255746365,0.0001416203594999388,0.0031840000301599503,-0.4909687042236328,393142.0625,soft_hard
79,88,30.418739795684814,1676685212.7766738,29900,,,0.05000000074505806,1035.0,250.0,102.7249984741211,0.0011368133127689362,1.3281476640258916e-05,0.0031840000301599503,-0.12771987915039062,403280.3125,soft_hard
80,89,30.59888696670532,1676685212.956821,30000,97.0,200.0,0.05000000074505806,,,,0.000627807283308357,0.00023068882001098243,0.0031840000301599503,-0.7656888961791992,405848.4375,soft_hard
81,91,31.7815363407135,1676685214.1394703,30900,,,0.05000000074505806,1021.0,250.0,105.58000183105467,0.001542731188237667,0.0,0.0031840000301599503,0.0,429280.6875,soft_hard
82,93,32.571945905685425,1676685214.92988,31500,97.0,200.0,0.05000000074505806,,,,0.0004364644119050354,0.0,0.0031840000301599503,0.0,445162.8125,soft_hard
83,94,33.09663796424866,1676685215.454572,31900,,,0.05000000074505806,1011.0,250.0,107.38999938964844,0.000655186886433512,0.0,0.0031840000301599503,0.0,455835.5625,soft_hard
84,95,33.25965237617493,1676685215.6175864,32000,97.0,200.0,0.05000000074505806,,,,0.0014847510028630495,0.0,0.0031840000301599503,0.0,458520.3125,soft_hard
85,96,33.94548511505127,1676685216.303419,32500,97.0,200.0,0.05000000074505806,,,,0.0004301171575207263,0.0,0.0031840000301599503,0.0,471976.8125,soft_hard
86,97,34.47893285751343,1676685216.8368669,32900,,,0.05000000074505806,998.0,250.0,108.8000030517578,0.017525654286146164,0.0,0.0031840000301599503,0.0,482807.3125,soft_hard
87,98,34.64109182357788,1676685216.9990258,33000,97.0,200.0,0.05000000074505806,,,,7.535485201515257e-05,0.0,0.0031840000301599503,0.0,485527.3125,soft_hard
88,99,35.32519578933716,1676685217.6831298,33500,97.0,200.0,0.05000000074505806,,,,0.0004005561931990087,0.0,0.0031840000301599503,0.0,499166.4375,soft_hard
89,101,36.01015877723694,1676685218.3680928,34000,97.0,200.0,0.05000000074505806,,,,0.0006099080201238394,3.873914920404786e-06,0.0031840000301599503,-0.032698631286621094,512891.4375,soft_hard
90,102,36.70938873291016,1676685219.0673227,34500,97.0,200.0,0.05000000074505806,,,,0.0006674672476947308,0.0,0.0031840000301599503,0.0,526707.6875,soft_hard
91,103,37.23688864707947,1676685219.5948226,34900,,,0.05000000074505806,977.0,250.0,111.61499786376952,0.0005288583924993873,0.0,0.0031840000301599503,0.0,537816.4375,soft_hard
92,105,38.09020018577576,1676685220.4481342,35500,97.0,200.0,0.05000000074505806,,,,0.0006261717062443495,0.0,0.0031840000301599503,0.0,554596.9375,soft_hard
93,106,38.620964765548706,1676685220.9788988,35900,,,0.05000000074505806,968.0,250.0,112.78500366210938,0.000943426217418164,0.0,0.0031840000301599503,0.0,565839.6875,soft_hard
94,107,38.78363561630249,1676685221.1415696,36000,97.0,200.0,0.05000000074505806,,,,0.00020723747729789463,0.0,0.0031840000301599503,0.0,568659.3125,soft_hard
95,111,40.89637088775635,1676685223.254305,37500,97.0,200.0,0.05000000074505806,,,,0.0003326148143969476,0.0,0.0031840000301599503,0.0,611187.3125,soft_hard
96,113,41.61036705970764,1676685223.968301,38000,49.0,200.0,0.05000000074505806,,,,0.014577778056263924,0.0,0.0031840000301599503,0.0,625466.9375,soft_hard
97,114,42.32024526596069,1676685224.6781793,38500,97.0,200.0,0.05000000074505806,,,,0.0004743737808894366,0.0,0.0031840000301599503,0.0,639794.4375,soft_hard
98,115,42.86626839637756,1676685225.2242024,38900,,,0.05000000074505806,941.0,250.0,114.98500061035156,0.002180512761697173,0.0,0.0031840000301599503,0.0,651282.1875,soft_hard
99,116,43.033509492874146,1676685225.3914435,39000,97.0,200.0,0.05000000074505806,,,,0.00057488918537274,0.0,0.0031840000301599503,0.0,654156.8125,soft_hard
100,117,43.74490427970886,1676685226.1028385,39500,97.0,200.0,0.05000000074505806,,,,0.0008150251233018935,0.0,0.0031840000301599503,0.0,668544.6875,soft_hard
101,118,44.28493142127991,1676685226.6428654,39900,,,0.05000000074505806,933.0,250.0,115.49500274658205,0.0009826966561377048,0.0,0.0031840000301599503,0.0,680077.1875,soft_hard
102,119,44.4504189491272,1676685226.808353,40000,97.0,200.0,0.05000000074505806,,,,0.0008208506624214351,0.0,0.0031840000301599503,0.0,682964.5625,soft_hard
103,120,45.156814098358154,1676685227.514748,40500,97.0,200.0,0.05000000074505806,,,,0.0003228024870622903,0.0,0.0031840000301599503,0.0,697419.0625,soft_hard
104,121,45.703617572784424,1676685228.0615516,40900,,,0.05000000074505806,926.0,250.0,116.03500366210938,0.0008640036685392261,0.0,0.0031840000301599503,0.0,709005.3125,soft_hard
105,122,45.86929178237915,1676685228.2272258,41000,97.0,200.0,0.05000000074505806,,,,0.000956691917963326,0.0,0.0031840000301599503,0.0,711906.1875,soft_hard
106,123,46.5709342956543,1676685228.9288683,41500,97.0,200.0,0.05000000074505806,,,,0.00037179028731770813,0.0,0.0031840000301599503,0.0,726423.5625,soft_hard
107,125,47.27308440208435,1676685229.6310184,42000,97.0,200.0,0.05000000074505806,,,,0.00031095254234969616,0.0,0.0031840000301599503,0.0,740969.6875,soft_hard
108,126,47.976802587509155,1676685230.3347366,42500,97.0,200.0,0.05000000074505806,,,,0.0004266432079020888,0.0,0.0031840000301599503,0.0,755539.3125,soft_hard
109,127,48.519692182540894,1676685230.8776262,42900,,,0.05000000074505806,913.0,250.0,116.8000030517578,5.3181356634013355e-05,0.0,0.0031840000301599503,0.0,767207.5625,soft_hard
110,128,48.68671369552612,1676685231.0446477,43000,97.0,200.0,0.05000000074505806,,,,0.000356821168679744,0.0,0.0031840000301599503,0.0,770127.5625,soft_hard
111,129,49.393330097198486,1676685231.751264,43500,97.0,200.0,0.05000000074505806,,,,0.014560804702341557,0.0,0.0031840000301599503,0.0,784734.0625,soft_hard
112,130,49.932941913604736,1676685232.290876,43900,,,0.05000000074505806,907.0,250.0,117.12000274658205,0.00040414652903564274,0.0,0.0031840000301599503,0.0,796435.3125,soft_hard
113,131,50.098267555236816,1676685232.4562016,44000,97.0,200.0,0.05000000074505806,,,,0.0002861393440980464,0.0,0.0031840000301599503,0.0,799363.3125,soft_hard
114,132,50.79934191703797,1676685233.157276,44500,97.0,200.0,0.05000000074505806,,,,0.014501445926725864,0.0,0.0031840000301599503,0.0,814010.1875,soft_hard
115,133,51.33526873588562,1676685233.6932027,44900,,,0.05000000074505806,901.0,250.0,117.30999755859376,0.0003017052076756954,0.0,0.0031840000301599503,0.0,825735.4375,soft_hard
116,134,51.50117516517639,1676685233.8591092,45000,97.0,200.0,0.05000000074505806,,,,0.0006270213052630424,0.0,0.0031840000301599503,0.0,828668.1875,soft_hard
117,135,52.208309173583984,1676685234.5662432,45500,97.0,200.0,0.05000000074505806,,,,0.0010363544570282102,0.0,0.0031840000301599503,0.0,843337.6875,soft_hard
118,136,52.74658536911011,1676685235.1045194,45900,,,0.05000000074505806,896.0,250.0,117.49500274658205,0.0002884848217945546,0.0,0.0031840000301599503,0.0,855080.9375,soft_hard
119,137,52.91334104537964,1676685235.271275,46000,97.0,200.0,0.05000000074505806,,,,0.00021765276324003935,0.0,0.0031840000301599503,0.0,858018.3125,soft_hard
120,139,54.15603232383728,1676685236.5139663,46900,,,0.05000000074505806,891.0,250.0,117.5749969482422,0.017790066078305244,0.0,0.0031840000301599503,0.0,884466.0625,soft_hard
121,140,54.32684946060181,1676685236.6847837,47000,97.0,200.0,0.05000000074505806,,,,0.0005432816687971354,0.0,0.0031840000301599503,0.0,887405.4375,soft_hard
122,141,55.03575038909912,1676685237.3936844,47500,97.0,200.0,0.05000000074505806,,,,0.0003631459840107709,0.0,0.0031840000301599503,0.0,902104.4375,soft_hard
123,142,55.58355355262756,1676685237.9414876,47900,,,0.05000000074505806,886.0,250.0,117.66000366210938,0.000357909215381369,0.0,0.0031840000301599503,0.0,913867.1875,soft_hard
124,143,55.75163221359253,1676685238.1095662,48000,97.0,200.0,0.05000000074505806,,,,0.014464188367128372,0.0,0.0031840000301599503,0.0,916808.6875,soft_hard
125,144,56.45753479003906,1676685238.8154688,48500,97.0,200.0,0.05000000074505806,,,,0.014355607330799105,0.0,0.0031840000301599503,0.0,931516.0625,soft_hard
126,145,57.00036287307739,1676685239.3582969,48900,,,0.05000000074505806,881.0,250.0,117.66500091552734,0.00029133170028217137,0.0,0.0031840000301599503,0.0,943282.0625,soft_hard
127,146,57.1677508354187,1676685239.5256848,49000,97.0,200.0,0.05000000074505806,,,,0.0015000139828771353,0.0,0.0031840000301599503,0.0,946223.6875,soft_hard
128,147,57.88169074058533,1676685240.2396247,49500,97.0,200.0,0.05000000074505806,,,,0.017507895827293396,0.0,0.0031840000301599503,0.0,960932.6875,soft_hard
129,148,58.4270966053009,1676685240.7850306,49900,,,0.05000000074505806,877.0,250.0,117.69000244140624,0.0001910704158945009,0.0,0.0031840000301599503,0.0,972700.6875,soft_hard
130,150,59.28949046134949,1676685241.6474245,50500,97.0,200.0,0.05000000074505806,,,,0.01804335229098797,0.0,0.0031840000301599503,0.0,990353.6875,soft_hard
131,151,59.82398438453674,1676685242.1819184,50900,,,0.05000000074505806,873.0,250.0,117.6500015258789,0.00029759667813777924,0.0,0.0031840000301599503,0.0,1002122.4375,soft_hard
132,152,59.98962593078613,1676685242.34756,51000,97.0,200.0,0.05000000074505806,,,,0.017926707863807678,0.0,0.0031840000301599503,0.0,1005063.6875,soft_hard
133,153,60.69243240356445,1676685243.0503664,51500,97.0,200.0,0.05000000074505806,,,,0.014229855500161648,0.0,0.0031840000301599503,0.0,1019770.0625,soft_hard
134,154,61.23643255233765,1676685243.5943666,51900,,,0.05000000074505806,869.0,250.0,117.61499786376952,0.0002589538926258683,0.0,0.0031840000301599503,0.0,1031533.3125,soft_hard
135,155,61.40263295173645,1676685243.760567,52000,97.0,200.0,0.05000000074505806,,,,0.0003242522361688316,0.0,0.0031840000301599503,0.0,1034473.6875,soft_hard
136,156,62.109025955200195,1676685244.46696,52500,97.0,200.0,0.05000000074505806,,,,0.0006902801687829196,0.0,0.0031840000301599503,0.0,1049174.5,soft_hard
137,157,62.652137994766235,1676685245.010072,52900,,,0.05000000074505806,865.0,250.0,117.58000183105467,0.01554300542920828,0.0,0.0031840000301599503,0.0,1060933.5,soft_hard
138,158,62.81814098358154,1676685245.176075,53000,97.0,200.0,0.05000000074505806,,,,0.018063310533761975,0.0,0.0031840000301599503,0.0,1063873.0,soft_hard
139,159,63.52825164794922,1676685245.8861856,53500,97.0,200.0,0.05000000074505806,,,,0.000849077245220542,0.0,0.0031840000301599503,0.0,1078569.5,soft_hard
140,161,64.23550295829773,1676685246.593437,54000,97.0,200.0,0.05000000074505806,,,,0.0030102648306638,0.0,0.0031840000301599503,0.0,1093264.375,soft_hard
141,162,64.95178961753845,1676685247.3097236,54500,97.0,200.0,0.05000000074505806,,,,0.0002764044620562345,0.0,0.0031840000301599503,0.0,1107957.25,soft_hard
142,163,65.49619889259338,1676685247.854133,54900,,,0.05000000074505806,858.0,250.0,117.5749969482422,0.0002278622705489397,0.0,0.0031840000301599503,0.0,1119713.0,soft_hard
143,164,65.66285753250122,1676685248.0207915,55000,97.0,200.0,0.05000000074505806,,,,0.00013633085472974926,0.0,0.0031840000301599503,0.0,1122652.375,soft_hard
144,165,66.35929560661316,1676685248.7172296,55500,97.0,200.0,0.05000000074505806,,,,0.001833729213103652,0.0,0.0031840000301599503,0.0,1137349.375,soft_hard
145,166,66.88184475898743,1676685249.2397788,55900,,,0.05000000074505806,855.0,250.0,117.5999984741211,0.0012532164109870791,0.0,0.0031840000301599503,0.0,1149107.625,soft_hard
146,167,67.04324531555176,1676685249.4011793,56000,97.0,200.0,0.05000000074505806,,,,0.0007651089108549058,0.0,0.0031840000301599503,0.0,1152047.625,soft_hard
147,168,67.72545599937439,1676685250.08339,56500,97.0,200.0,0.05000000074505806,,,,0.0009590633562766016,0.0,0.0031840000301599503,0.0,1166746.125,soft_hard
148,171,69.12387824058533,1676685251.4818122,57500,97.0,200.0,0.05000000074505806,,,,0.0003942466282751411,0.0,0.0031840000301599503,0.0,1196164.875,soft_hard
149,172,69.66063284873962,1676685252.0185668,57900,,,0.05000000074505806,850.0,250.0,117.9000015258789,0.000896718876902014,0.0,0.0031840000301599503,0.0,1207942.375,soft_hard
150,173,69.82641649246216,1676685252.1843505,58000,97.0,200.0,0.05000000074505806,,,,0.0027545755729079247,0.0,0.0031840000301599503,0.0,1210889.875,soft_hard
151,174,70.52446603775024,1676685252.8824,58500,97.0,200.0,0.05000000074505806,,,,0.0005802139057777822,0.0,0.0031840000301599503,0.0,1225628.75,soft_hard
152,176,71.2195553779602,1676685253.5774894,59000,97.0,200.0,0.05000000074505806,,,,0.00076469243504107,0.0,0.0031840000301599503,0.0,1240374.125,soft_hard
153,177,71.91399025917053,1676685254.2719245,59500,97.0,200.0,0.05000000074505806,,,,0.0007089297869242728,0.0,0.0031840000301599503,0.0,1255128.25,soft_hard
154,178,72.44823098182678,1676685254.806165,59900,,,0.05000000074505806,844.0,250.0,118.16999816894533,0.000572511984501034,0.0,0.0031840000301599503,0.0,1266940.5,soft_hard
155,179,72.61290264129639,1676685254.9708366,60000,97.0,200.0,0.05000000074505806,,,,0.01456141285598278,0.0,0.0031840000301599503,0.0,1269894.75,soft_hard
156,180,73.31137895584106,1676685255.669313,60500,97.0,200.0,0.05000000074505806,,,,0.0005306018283590674,0.0,0.0031840000301599503,0.0,1284667.25,soft_hard
157,182,74.01525640487671,1676685256.3731904,61000,97.0,200.0,0.05000000074505806,,,,0.002168273087590933,0.0,0.0031840000301599503,0.0,1299441.5,soft_hard
158,183,74.71864891052246,1676685257.076583,61500,97.0,200.0,0.05000000074505806,,,,0.00029309195815585554,0.0,0.0031840000301599503,0.0,1314223.0,soft_hard
159,184,75.25483512878418,1676685257.6127691,61900,,,0.05000000074505806,839.0,250.0,118.44000244140624,4.105939297005534e-05,0.0,0.0031840000301599503,0.0,1326058.25,soft_hard
160,185,75.41894006729126,1676685257.776874,62000,97.0,200.0,0.05000000074505806,,,,0.014513582922518252,0.0,0.0031840000301599503,0.0,1329019.25,soft_hard
161,186,76.11987590789795,1676685258.47781,62500,97.0,200.0,0.05000000074505806,,,,0.0009824431035667658,0.0,0.0031840000301599503,0.0,1343829.625,soft_hard
162,190,78.05024743080139,1676685260.4081814,63900,,,0.05000000074505806,835.0,250.0,118.73999786376952,0.0003872033266816288,0.0,0.0031840000301599503,0.0,1385345.875,soft_hard
163,191,78.21411752700806,1676685260.5720515,64000,97.0,200.0,0.05000000074505806,,,,0.00024802368716336787,0.0,0.0031840000301599503,0.0,1388314.375,soft_hard
164,193,79.4499671459198,1676685261.8079011,64900,,,0.05000000074505806,833.0,250.0,118.9000015258789,0.00012431314098648727,0.0,0.0031840000301599503,0.0,1415041.625,soft_hard
165,194,79.6134889125824,1676685261.971423,65000,97.0,200.0,0.05000000074505806,,,,0.000411317974794656,0.0,0.0031840000301599503,0.0,1418014.125,soft_hard
166,196,80.84149193763733,1676685263.199426,65900,,,0.05000000074505806,831.0,250.0,118.94000244140624,0.0013021837221458554,0.0,0.0031840000301599503,0.0,1444774.125,soft_hard
167,197,81.00629758834839,1676685263.3642316,66000,97.0,200.0,0.05000000074505806,,,,0.00016758845595177263,0.0,0.0031840000301599503,0.0,1447747.625,soft_hard
168,198,81.70332050323486,1676685264.0612545,66500,97.0,200.0,0.05000000074505806,,,,0.0005071990308351815,0.0,0.0031840000301599503,0.0,1462614.25,soft_hard
169,199,82.23622941970825,1676685264.5941634,66900,,,0.05000000074505806,829.0,250.0,118.95500183105467,0.0006784049910493195,0.0,0.0031840000301599503,0.0,1474508.25,soft_hard
170,201,83.1012978553772,1676685265.459232,67500,97.0,200.0,0.05000000074505806,,,,0.00031092570861801505,0.0,0.0031840000301599503,0.0,1492351.0,soft_hard
171,202,83.62689399719238,1676685265.984828,67900,,,0.05000000074505806,827.0,250.0,118.96499633789062,0.016795523464679718,0.0,0.0031840000301599503,0.0,1504244.25,soft_hard
172,203,83.78847932815552,1676685266.146413,68000,97.0,200.0,0.05000000074505806,,,,0.001275738119147718,0.0,0.0031840000301599503,0.0,1507218.375,soft_hard
173,204,84.48058009147644,1676685266.838514,68500,97.0,200.0,0.05000000074505806,,,,0.01795164868235588,0.0,0.0031840000301599503,0.0,1522088.25,soft_hard
174,205,85.00920534133911,1676685267.367139,68900,,,0.05000000074505806,825.0,250.0,118.97000122070312,0.029314085841178898,0.0,0.0031840000301599503,0.0,1533983.5,soft_hard
175,206,85.17159724235535,1676685267.5295312,69000,97.0,200.0,0.05000000074505806,,,,0.0008402119856327772,0.0,0.0031840000301599503,0.0,1536957.75,soft_hard
176,207,85.86427330970764,1676685268.2222073,69500,97.0,200.0,0.05000000074505806,,,,0.0003730932367034257,0.0,0.0031840000301599503,0.0,1551828.875,soft_hard
177,208,86.3931245803833,1676685268.7510586,69900,,,0.05000000074505806,823.0,250.0,118.97000122070312,0.00030870659975335,0.0,0.0031840000301599503,0.0,1563725.125,soft_hard
178,209,86.55691027641296,1676685268.9148445,70000,97.0,200.0,0.05000000074505806,,,,0.0004932079464197159,0.0,0.0031840000301599503,0.0,1566699.375,soft_hard
179,210,87.26112985610962,1676685269.619064,70500,97.0,200.0,0.05000000074505806,,,,0.017916318029165268,0.0,0.0031840000301599503,0.0,1581570.375,soft_hard
180,211,87.79472637176514,1676685270.1526604,70900,,,0.05000000074505806,822.0,250.0,118.96499633789062,0.00010943533561658114,0.0,0.0031840000301599503,0.0,1593466.375,soft_hard
181,212,87.95896291732788,1676685270.316897,71000,97.0,200.0,0.05000000074505806,,,,0.00033918730332516134,0.0,0.0031840000301599503,0.0,1596440.5,soft_hard
182,214,89.2109727859497,1676685271.5689068,71900,,,0.05000000074505806,820.0,250.0,119.0,0.00020807261171285063,0.0,0.0031840000301599503,0.0,1623208.25,soft_hard
183,215,89.37469267845154,1676685271.732627,72000,97.0,200.0,0.05000000074505806,,,,0.0005770301795564592,0.0,0.0031840000301599503,0.0,1626183.25,soft_hard
184,216,90.0788083076477,1676685272.4367423,72500,97.0,200.0,0.05000000074505806,,,,0.00038714378024451435,0.0,0.0031840000301599503,0.0,1641057.0,soft_hard
185,217,90.6219265460968,1676685272.9798603,72900,,,0.05000000074505806,818.0,250.0,119.01499938964844,0.0001558974472573027,0.0,0.0031840000301599503,0.0,1652956.5,soft_hard
186,218,90.78788185119627,1676685273.1458158,73000,97.0,200.0,0.05000000074505806,,,,0.001884470577351749,0.0,0.0031840000301599503,0.0,1655931.875,soft_hard
187,219,91.49602270126344,1676685273.8539567,73500,97.0,200.0,0.05000000074505806,,,,0.0004353884723968804,0.0,0.0031840000301599503,0.0,1670808.875,soft_hard
188,220,92.0329613685608,1676685274.3908954,73900,,,0.05000000074505806,816.0,250.0,119.0199966430664,0.0004184032732155174,0.0,0.0031840000301599503,0.0,1682710.875,soft_hard
189,222,92.89945936203004,1676685275.2573934,74500,97.0,200.0,0.05000000074505806,,,,0.00040194159373641014,0.0,0.0031840000301599503,0.0,1700563.75,soft_hard
190,223,93.43219661712646,1676685275.7901306,74900,,,0.05000000074505806,815.0,250.0,119.00499725341795,0.016616560518741608,0.0,0.0031840000301599503,0.0,1712465.5,soft_hard
191,224,93.59633207321168,1676685275.954266,75000,97.0,200.0,0.05000000074505806,,,,0.014881172217428684,0.0,0.0031840000301599503,0.0,1715440.625,soft_hard
192,225,94.29782247543336,1676685276.6557565,75500,97.0,200.0,0.05000000074505806,,,,0.0007474534795619547,0.0,0.0031840000301599503,0.0,1730316.0,soft_hard
193,227,94.9855318069458,1676685277.3434658,76000,97.0,200.0,0.05000000074505806,,,,0.0014916745712980628,0.0,0.0031840000301599503,0.0,1745192.375,soft_hard
194,228,95.67281985282898,1676685278.030754,76500,97.0,200.0,0.05000000074505806,,,,0.0005964873125776649,0.0,0.0031840000301599503,0.0,1760072.625,soft_hard
195,229,96.19318175315856,1676685278.5511158,76900,,,0.05000000074505806,812.0,250.0,119.06999969482422,0.0007398560410365462,0.0,0.0031840000301599503,0.0,1771977.875,soft_hard
196,230,96.35387134552002,1676685278.711805,77000,97.0,200.0,0.05000000074505806,,,,0.0001771939278114587,0.0,0.0031840000301599503,0.0,1774954.625,soft_hard
197,231,97.03273105621338,1676685279.390665,77500,97.0,200.0,0.05000000074505806,,,,0.0004151976609136909,0.0,0.0031840000301599503,0.0,1789838.875,soft_hard
198,232,97.55125546455383,1676685279.9091897,77900,,,0.05000000074505806,811.0,250.0,119.11000061035156,0.00039480693521909416,0.0,0.0031840000301599503,0.0,1801748.125,soft_hard
199,233,97.71282744407654,1676685280.0707614,78000,97.0,200.0,0.05000000074505806,,,,0.0001606060977792367,0.0,0.0031840000301599503,0.0,1804725.875,soft_hard
200,234,98.39243006706238,1676685280.750364,78500,97.0,200.0,0.05000000074505806,,,,0.015898529440164566,0.0,0.0031840000301599503,0.0,1819613.375,soft_hard
201,236,99.07949304580688,1676685281.437427,79000,97.0,200.0,0.05000000074505806,,,,0.02982388809323311,0.0,0.0031840000301599503,0.0,1834499.375,soft_hard
202,238,100.28423166275024,1676685282.6421657,79900,,,0.05000000074505806,809.0,250.0,119.1050033569336,0.00047625365550629795,0.0,0.0031840000301599503,0.0,1861296.125,soft_hard
203,239,100.44525647163393,1676685282.8031905,80000,97.0,200.0,0.05000000074505806,,,,0.0004780035524163395,0.0,0.0031840000301599503,0.0,1864273.75,soft_hard
204,240,101.13471055030824,1676685283.4926443,80500,97.0,200.0,0.05000000074505806,,,,0.0002794123429339379,0.0,0.0031840000301599503,0.0,1879163.5,soft_hard
205,241,101.66049361228944,1676685284.0184276,80900,,,0.05000000074505806,808.0,250.0,119.1050033569336,0.00042717851465567946,0.0,0.0031840000301599503,0.0,1891076.0,soft_hard
206,242,101.8228542804718,1676685284.1807885,81000,97.0,200.0,0.05000000074505806,,,,0.0006375766824930906,0.0,0.0031840000301599503,0.0,1894053.625,soft_hard
207,243,102.52018475532532,1676685284.8781188,81500,97.0,200.0,0.05000000074505806,,,,0.0003584356454666704,0.0,0.0031840000301599503,0.0,1908942.5,soft_hard
208,244,103.07104992866516,1676685285.428984,81900,,,0.05000000074505806,806.0,250.0,119.16500091552734,0.0004273786325939,0.0,0.0031840000301599503,0.0,1920856.0,soft_hard
209,246,103.9560844898224,1676685286.3140185,82500,97.0,200.0,0.05000000074505806,,,,0.0004417181480675936,0.0,0.0031840000301599503,0.0,1938731.0,soft_hard
210,247,104.50381851196288,1676685286.8617525,82900,,,0.05000000074505806,805.0,250.0,119.1500015258789,0.0012394889490678906,0.0,0.0031840000301599503,0.0,1950648.25,soft_hard
211,248,104.67226195335388,1676685287.030196,83000,97.0,200.0,0.05000000074505806,,,,0.018485866487026215,0.0,0.0031840000301599503,0.0,1953627.0,soft_hard
212,249,105.38875675201416,1676685287.7466908,83500,97.0,200.0,0.05000000074505806,,,,0.0003045896883122623,0.0,0.0031840000301599503,0.0,1968520.625,soft_hard
213,250,105.93718004226685,1676685288.295114,83900,,,0.05000000074505806,803.0,250.0,119.1500015258789,0.00042091013165190816,0.0,0.0031840000301599503,0.0,1980435.375,soft_hard
214,251,106.10443663597108,1676685288.4623706,84000,97.0,200.0,0.05000000074505806,,,,0.0004434204602148384,0.0,0.0031840000301599503,0.0,1983414.125,soft_hard
215,252,106.81587982177734,1676685289.1738138,84500,97.0,200.0,0.05000000074505806,,,,0.0002329856506548822,0.0,0.0031840000301599503,0.0,1998312.0,soft_hard
216,253,107.36395645141602,1676685289.7218904,84900,,,0.05000000074505806,802.0,250.0,119.1750030517578,0.00027824699645861983,0.0,0.0031840000301599503,0.0,2010231.0,soft_hard
217,254,107.53140377998352,1676685289.8893378,85000,97.0,200.0,0.05000000074505806,,,,0.000995079637505114,0.0,0.0031840000301599503,0.0,2013210.375,soft_hard
218,255,108.24049520492554,1676685290.5984292,85500,97.0,200.0,0.05000000074505806,,,,0.000542464607860893,0.0,0.0031840000301599503,0.0,2028106.625,soft_hard
219,256,108.78831505775452,1676685291.146249,85900,,,0.05000000074505806,800.0,250.0,119.15499877929688,0.01885155402123928,0.0,0.0031840000301599503,0.0,2040022.625,soft_hard
220,258,109.67342782020567,1676685292.0313618,86500,97.0,200.0,0.05000000074505806,,,,0.0005147022311575711,0.0,0.0031840000301599503,0.0,2057896.5,soft_hard
221,259,110.22095894813538,1676685292.578893,86900,,,0.05000000074505806,799.0,250.0,119.16000366210938,0.0006990677211433649,0.0,0.0031840000301599503,0.0,2069812.75,soft_hard
222,260,110.38940787315369,1676685292.747342,87000,97.0,200.0,0.05000000074505806,,,,0.0001717767445370555,0.0,0.0031840000301599503,0.0,2072791.75,soft_hard
223,261,111.1062309741974,1676685293.464165,87500,97.0,200.0,0.05000000074505806,,,,0.0010497011244297028,0.0,0.0031840000301599503,0.0,2087687.125,soft_hard
224,263,111.82245898246764,1676685294.180393,88000,97.0,200.0,0.05000000074505806,,,,0.0011146902106702328,0.0,0.0031840000301599503,0.0,2102585.75,soft_hard
225,264,112.53596878051758,1676685294.8939028,88500,97.0,200.0,0.05000000074505806,,,,0.018790148198604584,0.0,0.0031840000301599503,0.0,2117484.5,soft_hard
226,266,113.25403952598572,1676685295.6119735,89000,97.0,200.0,0.05000000074505806,,,,0.0004336595593485981,0.0,0.0031840000301599503,0.0,2132382.0,soft_hard
227,267,113.96699714660645,1676685296.3249311,89500,97.0,200.0,0.05000000074505806,,,,0.00055086420616135,0.0,0.0031840000301599503,0.0,2147284.0,soft_hard
228,268,114.50903248786926,1676685296.8669665,89900,,,0.05000000074505806,795.0,250.0,119.24500274658205,0.00023370282724499705,0.0,0.0031840000301599503,0.0,2159207.5,soft_hard
229,269,114.67486143112184,1676685297.0327954,90000,97.0,200.0,0.05000000074505806,,,,0.01489732600748539,0.0,0.0031840000301599503,0.0,2162188.75,soft_hard
230,270,115.3775119781494,1676685297.735446,90500,97.0,200.0,0.05000000074505806,,,,0.00032106388243846595,0.0,0.0031840000301599503,0.0,2177095.75,soft_hard
231,271,115.92310619354248,1676685298.2810402,90900,,,0.05000000074505806,794.0,250.0,119.26499938964844,0.00021551745885517448,0.0,0.0031840000301599503,0.0,2189022.5,soft_hard
232,272,116.08777785301208,1676685298.445712,91000,97.0,200.0,0.05000000074505806,,,,0.016057828441262245,0.0,0.0031840000301599503,0.0,2192004.25,soft_hard
233,273,116.79217433929443,1676685299.1501083,91500,97.0,200.0,0.05000000074505806,,,,0.00011358100164216012,0.0,0.0031840000301599503,0.0,2206913.0,soft_hard
234,275,117.49653148651124,1676685299.8544655,92000,97.0,200.0,0.05000000074505806,,,,0.0007047129911370575,0.0,0.0031840000301599503,0.0,2221823.25,soft_hard
235,276,118.20362758636476,1676685300.5615616,92500,97.0,200.0,0.05000000074505806,,,,0.0004740460717584938,0.0,0.0031840000301599503,0.0,2236735.75,soft_hard
236,277,118.74040818214417,1676685301.0983422,92900,,,0.05000000074505806,792.0,250.0,119.3550033569336,0.0001924012030940503,0.0,0.0031840000301599503,0.0,2248668.75,soft_hard
237,278,118.9076030254364,1676685301.265537,93000,97.0,200.0,0.05000000074505806,,,,0.0003509691741783172,0.0,0.0031840000301599503,0.0,2251652.5,soft_hard
238,279,119.61806893348694,1676685301.976003,93500,97.0,200.0,0.05000000074505806,,,,0.00014400617510546,0.0,0.0031840000301599503,0.0,2266572.0,soft_hard
239,280,120.16088485717772,1676685302.5188189,93900,,,0.05000000074505806,791.0,250.0,119.3550033569336,0.000635879288893193,0.0,0.0031840000301599503,0.0,2278506.75,soft_hard
240,281,120.3262505531311,1676685302.6841846,94000,97.0,200.0,0.05000000074505806,,,,0.000399314594687894,0.0,0.0031840000301599503,0.0,2281490.75,soft_hard
241,284,121.7413182258606,1676685304.0992522,95000,97.0,200.0,0.05000000074505806,,,,0.0011777713662013412,0.0,0.0031840000301599503,0.0,2311325.5,soft_hard
242,285,122.44940853118896,1676685304.8073423,95500,97.0,200.0,0.05000000074505806,,,,0.01631779596209526,0.0,0.0031840000301599503,0.0,2326243.0,soft_hard
243,286,122.99407935142516,1676685305.352013,95900,,,0.05000000074505806,789.0,250.0,119.33999633789062,0.016490234062075615,0.0,0.0031840000301599503,0.0,2338178.75,soft_hard
244,287,123.16098999977112,1676685305.518924,96000,97.0,200.0,0.05000000074505806,,,,0.0004174952337052673,0.0,0.0031840000301599503,0.0,2341162.25,soft_hard
245,288,123.86910605430604,1676685306.22704,96500,97.0,200.0,0.05000000074505806,,,,0.0005734164151363075,0.0,0.0031840000301599503,0.0,2356079.75,soft_hard
246,289,124.41079711914062,1676685306.768731,96900,,,0.05000000074505806,788.0,250.0,119.31999969482422,0.018339049071073532,0.0,0.0031840000301599503,0.0,2368014.25,soft_hard
247,290,124.57869291305542,1676685306.936627,97000,97.0,200.0,0.05000000074505806,,,,0.0005771944997832179,0.0,0.0031840000301599503,0.0,2370997.25,soft_hard
248,291,125.2873077392578,1676685307.6452415,97500,97.0,200.0,0.05000000074505806,,,,0.00035973379272036254,0.0,0.0031840000301599503,0.0,2385912.5,soft_hard
249,292,125.8302037715912,1676685308.1881378,97900,,,0.05000000074505806,787.0,250.0,119.28500366210938,0.01690041273832321,0.0,0.0031840000301599503,0.0,2397842.75,soft_hard
250,293,125.99647998809814,1676685308.354414,98000,97.0,200.0,0.05000000074505806,,,,0.00021118529548402876,0.0,0.0031840000301599503,0.0,2400825.0,soft_hard
251,294,126.70086908340454,1676685309.058803,98500,97.0,200.0,0.05000000074505806,,,,0.016493212431669235,0.0,0.0031840000301599503,0.0,2415735.5,soft_hard
252,295,127.24210500717165,1676685309.600039,98900,,,0.05000000074505806,786.0,250.0,119.28500366210938,0.016400540247559547,0.0,0.0031840000301599503,0.0,2427664.0,soft_hard
253,296,127.40749621391296,1676685309.7654302,99000,97.0,200.0,0.05000000074505806,,,,0.0004128687724005431,0.0,0.0031840000301599503,0.0,2430646.25,soft_hard
254,297,128.11677527427673,1676685310.4747093,99500,97.0,200.0,0.05000000074505806,,,,0.0002577790291979909,0.0,0.0031840000301599503,0.0,2445558.0,soft_hard
255,298,128.6583399772644,1676685311.016274,99900,,,0.05000000074505806,785.0,250.0,119.31500244140624,0.00013283995212987065,0.0,0.0031840000301599503,0.0,2457488.5,soft_hard
256,299,128.82360649108887,1676685311.1815405,100000,97.0,200.0,0.05000000074505806,,,,0.00024349623708985743,0.0,0.0031840000301599503,0.0,2460471.25,soft_hard
257,300,129.53831696510315,1676685311.896251,100500,97.0,200.0,0.05000000074505806,,,,0.0005789935821667314,0.0,0.0031840000301599503,0.0,2475387.0,soft_hard
258,301,130.08115935325625,1676685312.4390934,100900,,,0.05000000074505806,784.0,250.0,119.31999969482422,0.00047749088844284415,0.0,0.0031840000301599503,0.0,2487320.0,soft_hard
259,302,130.2472541332245,1676685312.605188,101000,97.0,200.0,0.05000000074505806,,,,0.01705760695040226,0.0,0.0031840000301599503,0.0,2490303.0,soft_hard
260,303,130.95078659057617,1676685313.3087206,101500,97.0,200.0,0.05000000074505806,,,,0.0004838003369513899,0.0,0.0031840000301599503,0.0,2505216.5,soft_hard
261,304,131.49387526512146,1676685313.8518093,101900,,,0.05000000074505806,784.0,250.0,119.27999877929688,0.0004376017313916236,0.0,0.0031840000301599503,0.0,2517145.5,soft_hard
262,305,131.6590895652771,1676685314.0170236,102000,97.0,200.0,0.05000000074505806,,,,0.019699491560459137,0.0,0.0031840000301599503,0.0,2520127.5,soft_hard
263,307,132.905916929245,1676685315.263851,102900,,,0.05000000074505806,783.0,250.0,119.25499725341795,0.00022362500021699816,0.0,0.0031840000301599503,0.0,2546962.75,soft_hard
264,308,133.0709581375122,1676685315.428892,103000,97.0,200.0,0.05000000074505806,,,,0.01710166409611702,0.0,0.0031840000301599503,0.0,2549944.25,soft_hard
265,309,133.77570366859436,1676685316.1336377,103500,97.0,200.0,0.05000000074505806,,,,0.00027402228442952037,0.0,0.0031840000301599503,0.0,2564852.75,soft_hard
266,310,134.31557321548462,1676685316.6735072,103900,,,0.05000000074505806,782.0,250.0,119.27999877929688,0.0004323060857132077,0.0,0.0031840000301599503,0.0,2576781.0,soft_hard
267,311,134.47764921188354,1676685316.8355832,104000,97.0,200.0,0.05000000074505806,,,,0.00014472873590420932,0.0,0.0031840000301599503,0.0,2579763.0,soft_hard
268,312,135.18615174293518,1676685317.5440855,104500,97.0,200.0,0.05000000074505806,,,,0.0005027606384828687,0.0,0.0031840000301599503,0.0,2594673.5,soft_hard
269,314,135.8964705467224,1676685318.2544043,105000,97.0,200.0,0.05000000074505806,,,,4.864746370003559e-05,0.0,0.0031840000301599503,0.0,2609583.5,soft_hard
270,315,136.6017689704895,1676685318.959703,105500,97.0,200.0,0.05000000074505806,,,,0.0004742093151435256,0.0,0.0031840000301599503,0.0,2624489.5,soft_hard
271,316,137.14495062828064,1676685319.5028846,105900,,,0.05000000074505806,780.0,250.0,119.25,0.0002828631259035319,0.0,0.0031840000301599503,0.0,2636413.0,soft_hard
272,317,137.30903124809265,1676685319.6669652,106000,97.0,200.0,0.05000000074505806,,,,0.0012262221425771711,0.0,0.0031840000301599503,0.0,2639394.25,soft_hard
273,318,138.0165400505066,1676685320.374474,106500,97.0,200.0,0.05000000074505806,,,,0.001867532730102539,0.0,0.0031840000301599503,0.0,2654301.5,soft_hard
274,319,138.55851030349731,1676685320.9164443,106900,,,0.05000000074505806,780.0,250.0,119.2699966430664,0.0003026703780051321,0.0,0.0031840000301599503,0.0,2666228.25,soft_hard
275,320,138.7249665260315,1676685321.0829003,107000,97.0,200.0,0.05000000074505806,,,,0.016969330608844757,0.0,0.0031840000301599503,0.0,2669210.0,soft_hard
276,321,139.4358456134796,1676685321.7937796,107500,97.0,200.0,0.05000000074505806,,,,0.001841052551753819,0.0,0.0031840000301599503,0.0,2684119.0,soft_hard
277,322,139.97726321220398,1676685322.3351972,107900,,,0.05000000074505806,779.0,250.0,119.3000030517578,0.019780989736318588,0.0,0.0031840000301599503,0.0,2696047.5,soft_hard
278,323,140.14408564567566,1676685322.5020196,108000,97.0,200.0,0.05000000074505806,,,,0.0002490413608029485,0.0,0.0031840000301599503,0.0,2699030.0,soft_hard
279,324,140.84929060935974,1676685323.2072246,108500,97.0,200.0,0.05000000074505806,,,,0.0009823560249060392,0.0,0.0031840000301599503,0.0,2713942.75,soft_hard
280,325,141.39507031440735,1676685323.7530043,108900,,,0.05000000074505806,778.0,250.0,119.29499816894533,0.0013811850221827626,0.0,0.0031840000301599503,0.0,2725873.0,soft_hard
281,326,141.56254076957703,1676685323.9204748,109000,97.0,200.0,0.05000000074505806,,,,0.017846237868070602,0.0,0.0031840000301599503,0.0,2728855.25,soft_hard
282,327,142.2766683101654,1676685324.6346023,109500,97.0,200.0,0.05000000074505806,,,,0.0006200133357197046,0.0,0.0031840000301599503,0.0,2743766.75,soft_hard
283,328,142.82189679145813,1676685325.1798308,109900,,,0.05000000074505806,777.0,250.0,119.30500030517578,0.0006775615620426834,0.0,0.0031840000301599503,0.0,2755696.5,soft_hard
284,329,142.99007654190063,1676685325.3480103,110000,97.0,200.0,0.05000000074505806,,,,0.017403990030288696,0.0,0.0031840000301599503,0.0,2758679.25,soft_hard
285,330,143.6994912624359,1676685326.0574253,110500,97.0,200.0,0.05000000074505806,,,,0.00021055414981674403,0.0,0.0031840000301599503,0.0,2773593.25,soft_hard
286,332,144.39568519592285,1676685326.7536192,111000,97.0,200.0,0.05000000074505806,,,,0.00030672538559883833,0.0,0.0031840000301599503,0.0,2788509.75,soft_hard
287,333,145.09529042243958,1676685327.4532244,111500,97.0,200.0,0.05000000074505806,,,,0.00012070936645613985,0.0,0.0031840000301599503,0.0,2803426.75,soft_hard
288,334,145.62741565704346,1676685327.9853497,111900,,,0.05000000074505806,776.0,250.0,119.37000274658205,0.00011485093273222446,0.0,0.0031840000301599503,0.0,2815361.75,soft_hard
289,335,145.7926836013794,1676685328.1506176,112000,97.0,200.0,0.05000000074505806,,,,0.00039986937190406024,0.0,0.0031840000301599503,0.0,2818346.0,soft_hard
290,338,147.20733380317688,1676685329.5652678,113000,97.0,200.0,0.05000000074505806,,,,0.00012814723595511168,0.0,0.0031840000301599503,0.0,2848194.25,soft_hard
291,339,147.90467238426208,1676685330.2626064,113500,97.0,200.0,0.05000000074505806,,,,0.00035453232703730464,0.0,0.0031840000301599503,0.0,2863121.25,soft_hard
292,341,148.6089584827423,1676685330.9668925,114000,97.0,200.0,0.05000000074505806,,,,0.000902341795153916,0.0,0.0031840000301599503,0.0,2878051.0,soft_hard
293,342,149.30797791481018,1676685331.665912,114500,97.0,200.0,0.05000000074505806,,,,0.00045962107833474874,0.0,0.0031840000301599503,0.0,2892981.5,soft_hard
294,343,149.83996987342834,1676685332.197904,114900,,,0.05000000074505806,774.0,250.0,119.45500183105467,0.0006451816880144179,0.0,0.0031840000301599503,0.0,2904926.25,soft_hard
295,344,150.00418758392334,1676685332.3621216,115000,97.0,200.0,0.05000000074505806,,,,0.00039825760177336633,0.0,0.0031840000301599503,0.0,2907912.5,soft_hard
296,345,150.70689487457275,1676685333.0648289,115500,97.0,200.0,0.05000000074505806,,,,0.0009375698282383382,0.0,0.0031840000301599503,0.0,2922844.5,soft_hard
297,346,151.244722366333,1676685333.6026564,115900,,,0.05000000074505806,774.0,250.0,119.47000122070312,0.00033323848037980497,0.0,0.0031840000301599503,0.0,2934791.0,soft_hard
298,347,151.4086298942566,1676685333.766564,116000,97.0,200.0,0.05000000074505806,,,,0.03898113593459129,0.0,0.0031840000301599503,0.0,2937777.75,soft_hard
299,348,152.1098597049713,1676685334.4677937,116500,97.0,200.0,0.05000000074505806,,,,0.00019546225666999817,0.0,0.0031840000301599503,0.0,2952710.25,soft_hard
300,350,152.8091175556183,1676685335.1670516,117000,97.0,200.0,0.05000000074505806,,,,0.0005292227142490447,0.0,0.0031840000301599503,0.0,2967641.25,soft_hard
301,352,154.05295825004578,1676685336.4108922,117900,,,0.05000000074505806,773.0,250.0,119.44499969482422,0.0002440140233375132,0.0,0.0031840000301599503,0.0,2994514.25,soft_hard
302,353,154.21701836586,1676685336.5749524,118000,97.0,200.0,0.05000000074505806,,,,0.0007243321742862463,0.0,0.0031840000301599503,0.0,2997500.25,soft_hard
303,354,154.91154718399048,1676685337.2694812,118500,97.0,200.0,0.05000000074505806,,,,0.0033336300402879715,0.0,0.0031840000301599503,0.0,3012431.5,soft_hard
304,355,155.44208598136902,1676685337.80002,118900,,,0.05000000074505806,772.0,250.0,119.4499969482422,0.0008077991078607738,0.0,0.0031840000301599503,0.0,3024376.25,soft_hard
305,356,155.60411429405212,1676685337.9620483,119000,97.0,200.0,0.05000000074505806,,,,0.02110305055975914,0.0,0.0031840000301599503,0.0,3027362.5,soft_hard
306,357,156.29845929145813,1676685338.6563933,119500,97.0,200.0,0.05000000074505806,,,,0.0008444034610874951,0.0,0.0031840000301599503,0.0,3042296.75,soft_hard
307,359,156.99192118644714,1676685339.3498552,120000,97.0,200.0,0.05000000074505806,,,,0.0023830244317650795,0.0,0.0031840000301599503,0.0,3057232.25,soft_hard
308,360,157.69097423553467,1676685340.0489082,120500,97.0,200.0,0.05000000074505806,,,,0.00025479818577878177,0.0,0.0031840000301599503,0.0,3072165.25,soft_hard
309,363,159.09554767608645,1676685341.4534817,121500,97.0,200.0,0.05000000074505806,,,,0.00016363717440981418,0.0,0.0031840000301599503,0.0,3102024.5,soft_hard
310,364,159.63180947303772,1676685341.9897437,121900,,,0.05000000074505806,771.0,250.0,119.41999816894533,0.0207942184060812,0.0,0.0031840000301599503,0.0,3113965.25,soft_hard
311,366,160.50257539749146,1676685342.8605094,122500,97.0,200.0,0.05000000074505806,,,,0.01891845278441906,0.0,0.0031840000301599503,0.0,3131879.0,soft_hard
312,368,161.2108337879181,1676685343.5687678,123000,97.0,200.0,0.05000000074505806,,,,0.02081536501646042,0.0,0.0031840000301599503,0.0,3146809.5,soft_hard
313,369,161.92071843147278,1676685344.2786524,123500,97.0,200.0,0.05000000074505806,,,,0.0034210518933832645,0.0,0.0031840000301599503,0.0,3161738.25,soft_hard
314,370,162.4643943309784,1676685344.8223283,123900,,,0.05000000074505806,769.0,250.0,119.41999816894533,0.0014985769521445036,0.0,0.0031840000301599503,0.0,3173680.5,soft_hard
315,371,162.62954330444336,1676685344.9874773,124000,97.0,200.0,0.05000000074505806,,,,0.018978798761963844,0.0,0.0031840000301599503,0.0,3176666.0,soft_hard
316,372,163.3365285396576,1676685345.6944623,124500,97.0,200.0,0.05000000074505806,,,,0.0005839522927999496,0.0,0.0031840000301599503,0.0,3191589.75,soft_hard
317,373,163.87642526626587,1676685346.2343593,124900,,,0.05000000074505806,769.0,250.0,119.33499908447266,0.00023192810476757583,0.0,0.0031840000301599503,0.0,3203524.5,soft_hard
318,374,164.04183530807495,1676685346.3997693,125000,97.0,200.0,0.05000000074505806,,,,0.0002564365277066827,0.0,0.0031840000301599503,0.0,3206508.0,soft_hard
319,375,164.74594950675964,1676685347.1038835,125500,97.0,200.0,0.05000000074505806,,,,8.12937505543232e-05,0.0,0.0031840000301599503,0.0,3221423.0,soft_hard
320,376,165.28800868988037,1676685347.6459427,125900,,,0.05000000074505806,768.0,250.0,119.29499816894533,0.0003611886641010642,0.0,0.0031840000301599503,0.0,3233352.75,soft_hard
321,377,165.4533305168152,1676685347.8112645,126000,97.0,200.0,0.05000000074505806,,,,0.0004948362475261092,0.0,0.0031840000301599503,0.0,3236335.25,soft_hard
322,378,166.16536402702332,1676685348.523298,126500,97.0,200.0,0.05000000074505806,,,,0.021397462114691734,0.0,0.0031840000301599503,0.0,3251248.75,soft_hard
323,379,166.7241199016571,1676685349.082054,126900,,,0.05000000074505806,768.0,250.0,119.33499908447266,0.0009644629899412394,0.0,0.0031840000301599503,0.0,3263181.5,soft_hard
324,380,166.89126300811768,1676685349.249197,127000,97.0,200.0,0.05000000074505806,,,,0.0010178080992773175,0.0,0.0031840000301599503,0.0,3266165.0,soft_hard
325,381,167.6019206047058,1676685349.9598546,127500,97.0,200.0,0.05000000074505806,,,,0.0005564450984820724,0.0,0.0031840000301599503,0.0,3281081.0,soft_hard
326,382,168.14418649673462,1676685350.5021205,127900,,,0.05000000074505806,767.0,250.0,119.34500122070312,0.0006002036388963461,0.0,0.0031840000301599503,0.0,3293013.75,soft_hard
327,383,168.30989789962769,1676685350.667832,128000,97.0,200.0,0.05000000074505806,,,,0.001167922979220748,0.0,0.0031840000301599503,0.0,3295997.25,soft_hard
328,384,169.02064180374146,1676685351.3785758,128500,97.0,200.0,0.05000000074505806,,,,0.0006509008817374706,0.0,0.0031840000301599503,0.0,3310914.25,soft_hard
329,385,169.56212162971497,1676685351.9200556,128900,,,0.05000000074505806,767.0,250.0,119.3249969482422,0.0007491192081943154,0.0,0.0031840000301599503,0.0,3322848.0,soft_hard
330,386,169.72798109054563,1676685352.085915,129000,97.0,200.0,0.05000000074505806,,,,0.0006526411743834615,0.0,0.0031840000301599503,0.0,3325831.25,soft_hard
331,387,170.4331865310669,1676685352.7911203,129500,97.0,200.0,0.05000000074505806,,,,0.0005733510479331017,0.0,0.0031840000301599503,0.0,3340744.25,soft_hard
332,388,170.9792413711548,1676685353.3371754,129900,,,0.05000000074505806,766.0,250.0,119.30999755859376,0.0008861420792527497,0.0,0.0031840000301599503,0.0,3352674.0,soft_hard
333,389,171.14433979988098,1676685353.5022738,130000,97.0,200.0,0.05000000074505806,,,,0.0001929680147441104,0.0,0.0031840000301599503,0.0,3355656.75,soft_hard
334,392,172.5628662109375,1676685354.9208002,131000,97.0,200.0,0.05000000074505806,,,,0.0004985237610526383,0.0,0.0031840000301599503,0.0,3385489.0,soft_hard
335,393,173.27100777626038,1676685355.6289418,131500,97.0,200.0,0.05000000074505806,,,,0.00024244573432952168,0.0,0.0031840000301599503,0.0,3400402.75,soft_hard
336,394,173.8143765926361,1676685356.1723106,131900,,,0.05000000074505806,765.0,250.0,119.27999877929688,0.00018165392975788563,0.0,0.0031840000301599503,0.0,3412331.5,soft_hard
337,396,174.6868884563446,1676685357.0448225,132500,97.0,200.0,0.05000000074505806,,,,0.00027907014009542763,0.0,0.0031840000301599503,0.0,3430224.25,soft_hard
338,397,175.23048901557922,1676685357.588423,132900,,,0.05000000074505806,765.0,250.0,119.3000030517578,0.0002031986659858376,0.0,0.0031840000301599503,0.0,3442154.0,soft_hard
339,398,175.39582777023315,1676685357.7537618,133000,97.0,200.0,0.05000000074505806,,,,0.0005791795556433499,0.0,0.0031840000301599503,0.0,3445136.5,soft_hard
340,399,176.10563492774963,1676685358.463569,133500,97.0,200.0,0.05000000074505806,,,,0.0004275467072147876,0.0,0.0031840000301599503,0.0,3460047.5,soft_hard
341,400,176.6484203338623,1676685359.0063543,133900,,,0.05000000074505806,764.0,250.0,119.26499938964844,0.0015786419389769435,0.0,0.0031840000301599503,0.0,3471974.5,soft_hard
342,401,176.81359696388245,1676685359.171531,134000,97.0,200.0,0.05000000074505806,,,,0.0001371406833641231,0.0,0.0031840000301599503,0.0,3474956.0,soft_hard
343,402,177.52333879470825,1676685359.8812728,134500,97.0,200.0,0.05000000074505806,,,,0.017964797094464302,0.0,0.0031840000301599503,0.0,3489863.0,soft_hard
344,403,178.0642237663269,1676685360.4221578,134900,,,0.05000000074505806,764.0,250.0,119.21499633789062,0.0007199657848104835,0.0,0.0031840000301599503,0.0,3501786.5,soft_hard
345,404,178.22768449783325,1676685360.5856185,135000,97.0,200.0,0.05000000074505806,,,,0.0003623034863267094,0.0,0.0031840000301599503,0.0,3504766.75,soft_hard
346,405,178.93432641029358,1676685361.2922604,135500,97.0,200.0,0.05000000074505806,,,,0.00019295145466458052,0.0,0.0031840000301599503,0.0,3519666.0,soft_hard
347,406,179.47610092163086,1676685361.834035,135900,,,0.05000000074505806,763.0,250.0,119.16500091552734,0.01783999800682068,0.0,0.0031840000301599503,0.0,3531583.5,soft_hard
348,408,180.34206795692444,1676685362.700002,136500,97.0,200.0,0.05000000074505806,,,,0.0005542075377888978,0.0,0.0031840000301599503,0.0,3549457.25,soft_hard
349,409,180.88190007209775,1676685363.239834,136900,,,0.05000000074505806,763.0,250.0,119.08499908447266,0.00019956276810262352,0.0,0.0031840000301599503,0.0,3561369.0,soft_hard
350,410,181.04846835136416,1676685363.4064023,137000,97.0,200.0,0.05000000074505806,,,,0.017962660640478134,0.0,0.0031840000301599503,0.0,3564346.0,soft_hard
351,411,181.7555329799652,1676685364.113467,137500,97.0,200.0,0.05000000074505806,,,,0.0003118312743026763,0.0,0.0031840000301599503,0.0,3579230.25,soft_hard
352,412,182.29853916168213,1676685364.6564732,137900,,,0.05000000074505806,762.0,250.0,119.03500366210938,0.00127710762899369,0.0,0.0031840000301599503,0.0,3591135.75,soft_hard
353,413,182.46149253845215,1676685364.8194263,138000,97.0,200.0,0.05000000074505806,,,,0.0007541950908489525,0.0,0.0031840000301599503,0.0,3594111.75,soft_hard
354,414,183.1543231010437,1676685365.512257,138500,97.0,200.0,0.05000000074505806,,,,0.021190283820033073,0.0,0.0031840000301599503,0.0,3608990.25,soft_hard
355,415,183.68532919883728,1676685366.0432632,138900,,,0.05000000074505806,762.0,250.0,118.98500061035156,0.03892001137137413,0.0,0.0031840000301599503,0.0,3620891.25,soft_hard
356,417,184.5403778553009,1676685366.898312,139500,97.0,200.0,0.05000000074505806,,,,0.0012121220352128148,0.0,0.0031840000301599503,0.0,3638738.0,soft_hard
357,418,185.07363486289975,1676685367.4315689,139900,,,0.05000000074505806,762.0,250.0,118.9250030517578,0.00019080475613009185,0.0,0.0031840000301599503,0.0,3650633.25,soft_hard
358,419,185.23707365989685,1676685367.5950077,140000,97.0,200.0,0.05000000074505806,,,,0.0007938987691886723,0.0,0.0031840000301599503,0.0,3653606.25,soft_hard
359,420,185.93402814865112,1676685368.291962,140500,97.0,200.0,0.05000000074505806,,,,0.0005280232289806008,0.0,0.0031840000301599503,0.0,3668471.75,soft_hard
360,422,186.6373586654663,1676685368.995293,141000,97.0,200.0,0.05000000074505806,,,,0.0004517132183536887,0.0,0.0031840000301599503,0.0,3683336.0,soft_hard
361,424,187.8689162731171,1676685370.2268505,141900,,,0.05000000074505806,761.0,250.0,118.96499633789062,0.017503345385193825,0.0,0.0031840000301599503,0.0,3710096.75,soft_hard
362,425,188.03243017196655,1676685370.3903642,142000,97.0,200.0,0.05000000074505806,,,,0.017587993294000626,0.0,0.0031840000301599503,0.0,3713070.75,soft_hard
363,426,188.74360609054563,1676685371.10154,142500,97.0,200.0,0.05000000074505806,,,,0.0001394352002535015,0.0,0.0031840000301599503,0.0,3727942.5,soft_hard
364,427,189.29141521453855,1676685371.6493492,142900,,,0.05000000074505806,761.0,250.0,118.96499633789062,0.0005897145601920784,0.0,0.0031840000301599503,0.0,3739840.0,soft_hard
365,428,189.4580914974213,1676685371.8160255,143000,97.0,200.0,0.05000000074505806,,,,0.00015238586638588458,0.0,0.0031840000301599503,0.0,3742814.25,soft_hard
366,429,190.1669888496399,1676685372.5249228,143500,97.0,200.0,0.05000000074505806,,,,0.00019374661496840415,0.0,0.0031840000301599503,0.0,3757685.5,soft_hard
367,430,190.71151471138,1676685373.0694487,143900,,,0.05000000074505806,760.0,250.0,118.99500274658205,0.018417682498693463,0.0,0.0031840000301599503,0.0,3769584.75,soft_hard
368,431,190.8783328533173,1676685373.2362669,144000,97.0,200.0,0.05000000074505806,,,,0.03925861045718193,0.0,0.0031840000301599503,0.0,3772559.5,soft_hard
369,432,191.5914285182953,1676685373.9493625,144500,97.0,200.0,0.05000000074505806,,,,0.0011397084454074502,0.0,0.0031840000301599503,0.0,3787434.0,soft_hard
370,433,192.1337673664093,1676685374.4917014,144900,,,0.05000000074505806,760.0,250.0,119.02999877929688,0.0033192038536071777,0.0,0.0031840000301599503,0.0,3799334.5,soft_hard
371,434,192.3017690181732,1676685374.659703,145000,97.0,200.0,0.05000000074505806,,,,0.00021629597176797688,0.0,0.0031840000301599503,0.0,3802310.25,soft_hard
372,436,193.566739320755,1676685375.9246733,145900,,,0.05000000074505806,759.0,250.0,119.05999755859376,0.00024304793623741716,0.0,0.0031840000301599503,0.0,3829092.5,soft_hard
373,437,193.73416113853455,1676685376.0920951,146000,97.0,200.0,0.05000000074505806,,,,0.0004678944242186844,0.0,0.0031840000301599503,0.0,3832069.0,soft_hard
374,438,194.44264125823975,1676685376.8005753,146500,97.0,200.0,0.05000000074505806,,,,0.0005310903070494533,0.0,0.0031840000301599503,0.0,3846951.5,soft_hard
375,439,194.9873723983765,1676685377.3453064,146900,,,0.05000000074505806,759.0,250.0,119.11499786376952,0.001057532848790288,0.0,0.0031840000301599503,0.0,3858860.0,soft_hard
376,440,195.1535403728485,1676685377.5114744,147000,97.0,200.0,0.05000000074505806,,,,0.0001876247115433216,0.0,0.0031840000301599503,0.0,3861837.75,soft_hard
377,441,195.8710811138153,1676685378.229015,147500,97.0,200.0,0.05000000074505806,,,,0.021745922043919563,0.0,0.0031840000301599503,0.0,3876727.75,soft_hard
378,442,196.41615343093872,1676685378.7740874,147900,,,0.05000000074505806,758.0,250.0,119.16500091552734,0.0007366560748778284,0.0,0.0031840000301599503,0.0,3888641.25,soft_hard
379,443,196.5827887058258,1676685378.9407227,148000,97.0,200.0,0.05000000074505806,,,,0.00020160333951935172,0.0,0.0031840000301599503,0.0,3891620.25,soft_hard
380,444,197.29484248161316,1676685379.6527765,148500,97.0,200.0,0.05000000074505806,,,,0.0004150833410676569,0.0,0.0031840000301599503,0.0,3906517.25,soft_hard
381,446,198.00405287742615,1676685380.3619869,149000,97.0,200.0,0.05000000074505806,,,,0.02167925424873829,0.0,0.0031840000301599503,0.0,3921415.5,soft_hard
382,447,198.71466302871704,1676685381.072597,149500,97.0,200.0,0.05000000074505806,,,,0.01779947243630886,0.0,0.0031840000301599503,0.0,3936320.25,soft_hard
383,448,199.2622752189636,1676685381.6202092,149900,,,0.05000000074505806,758.0,250.0,119.31500244140624,0.0009258614154532552,0.0,0.0031840000301599503,0.0,3948249.25,soft_hard
384,449,199.4276247024536,1676685381.7855587,150000,97.0,200.0,0.05000000074505806,,,,0.00041136794607155025,0.0,0.0031840000301599503,0.0,3951232.25,soft_hard
385,450,200.1356565952301,1676685382.4935906,150500,97.0,200.0,0.05000000074505806,,,,0.0003359175461810082,0.0,0.0031840000301599503,0.0,3966147.25,soft_hard
386,451,200.68097400665283,1676685383.038908,150900,,,0.05000000074505806,757.0,250.0,119.33000183105467,8.653273835079744e-05,0.0,0.0031840000301599503,0.0,3978080.0,soft_hard
387,452,200.8489401340485,1676685383.206874,151000,97.0,200.0,0.05000000074505806,,,,0.00017038400983437896,0.0,0.0031840000301599503,0.0,3981063.25,soft_hard
388,453,201.5618567466736,1676685383.9197907,151500,97.0,200.0,0.05000000074505806,,,,0.0001892000436782837,0.0,0.0031840000301599503,0.0,3995979.75,soft_hard
389,454,202.10131573677063,1676685384.4592495,151900,,,0.05000000074505806,757.0,250.0,119.33499908447266,0.000675963528919965,0.0,0.0031840000301599503,0.0,4007913.5,soft_hard
390,456,202.97623205184937,1676685385.334166,152500,97.0,200.0,0.05000000074505806,,,,0.0011854477925226092,0.0,0.0031840000301599503,0.0,4025813.25,soft_hard
391,457,203.5194926261902,1676685385.8774266,152900,,,0.05000000074505806,757.0,250.0,119.33499908447266,0.02140793204307556,0.0,0.0031840000301599503,0.0,4037747.0,soft_hard
392,459,204.3983404636383,1676685386.7562745,153500,97.0,200.0,0.05000000074505806,,,,0.00031382060842588544,0.0,0.0031840000301599503,0.0,4055648.0,soft_hard
393,460,204.9438278675079,1676685387.301762,153900,,,0.05000000074505806,756.0,250.0,119.33999633789062,0.000364653067663312,0.0,0.0031840000301599503,0.0,4067581.5,soft_hard
394,461,205.10936450958252,1676685387.4672985,154000,97.0,200.0,0.05000000074505806,,,,0.018506323918700215,0.0,0.0031840000301599503,0.0,4070565.0,soft_hard
395,462,205.81930232048035,1676685388.1772363,154500,97.0,200.0,0.05000000074505806,,,,0.0010243997676298022,0.0,0.0031840000301599503,0.0,4085484.25,soft_hard
396,464,206.54196166992188,1676685388.8998957,155000,97.0,200.0,0.05000000074505806,,,,0.01814856193959713,0.0,0.0031840000301599503,0.0,4100405.0,soft_hard
397,465,207.25872492790225,1676685389.616659,155500,97.0,200.0,0.05000000074505806,,,,0.020872240886092183,0.0,0.0031840000301599503,0.0,4115323.75,soft_hard
398,466,207.80375838279724,1676685390.1616924,155900,,,0.05000000074505806,755.0,250.0,119.3499984741211,0.018553832545876503,0.0,0.0031840000301599503,0.0,4127258.25,soft_hard
399,467,207.9701223373413,1676685390.3280563,156000,97.0,200.0,0.05000000074505806,,,,0.00019131775479763744,0.0,0.0031840000301599503,0.0,4130242.0,soft_hard
400,468,208.67994165420532,1676685391.0378757,156500,97.0,200.0,0.05000000074505806,,,,0.0007251589559018612,0.0,0.0031840000301599503,0.0,4145161.75,soft_hard
401,470,209.39361310005188,1676685391.751547,157000,97.0,200.0,0.05000000074505806,,,,0.021281756460666656,0.0,0.0031840000301599503,0.0,4160084.25,soft_hard
402,471,210.1074650287628,1676685392.465399,157500,97.0,200.0,0.05000000074505806,,,,0.0004100057121831924,0.0,0.0031840000301599503,0.0,4175006.75,soft_hard
403,473,210.81867837905884,1676685393.1766124,158000,97.0,200.0,0.05000000074505806,,,,0.00012094688281649724,0.0,0.0031840000301599503,0.0,4189930.25,soft_hard
404,476,212.25409770011905,1676685394.6120317,159000,97.0,200.0,0.05000000074505806,,,,0.0004117151547688991,0.0,0.0031840000301599503,0.0,4219781.0,soft_hard
405,477,212.9726219177246,1676685395.330556,159500,97.0,200.0,0.05000000074505806,,,,0.0002626809000503272,0.0,0.0031840000301599503,0.0,4234708.0,soft_hard
406,478,213.52100801467896,1676685395.878942,159900,,,0.05000000074505806,754.0,250.0,119.4749984741211,0.03999316692352295,0.0,0.0031840000301599503,0.0,4246652.5,soft_hard
407,479,213.68954062461853,1676685396.0474746,160000,97.0,200.0,0.05000000074505806,,,,0.0003116482403129339,0.0,0.0031840000301599503,0.0,4249639.5,soft_hard
408,480,214.4035861492157,1676685396.76152,160500,97.0,200.0,0.05000000074505806,,,,0.0006422956939786673,0.0,0.0031840000301599503,0.0,4264576.5,soft_hard
409,481,214.94879126548767,1676685397.3067253,160900,,,0.05000000074505806,753.0,250.0,119.5250015258789,0.0001666194584686309,0.0,0.0031840000301599503,0.0,4276528.0,soft_hard
410,483,215.8306186199188,1676685398.1885526,161500,97.0,200.0,0.05000000074505806,,,,0.0010178362717851996,0.0,0.0031840000301599503,0.0,4294456.5,soft_hard
411,485,216.54295897483823,1676685398.900893,162000,97.0,200.0,0.05000000074505806,,,,0.0004847925447393209,0.0,0.0031840000301599503,0.0,4309399.5,soft_hard
412,486,217.26327538490295,1676685399.6212094,162500,97.0,200.0,0.05000000074505806,,,,0.00022409770463127643,0.0,0.0031840000301599503,0.0,4324342.5,soft_hard
413,487,217.80934715270996,1676685400.1672812,162900,,,0.05000000074505806,753.0,250.0,119.56999969482422,0.0005621720338240266,0.0,0.0031840000301599503,0.0,4336298.0,soft_hard
414,488,217.97416043281555,1676685400.3320944,163000,97.0,200.0,0.05000000074505806,,,,0.0013253820361569524,0.0,0.0031840000301599503,0.0,4339287.0,soft_hard
415,489,218.68932819366455,1676685401.0472622,163500,97.0,200.0,0.05000000074505806,,,,0.00035650123027153313,0.0,0.0031840000301599503,0.0,4354234.0,soft_hard
416,490,219.2390570640564,1676685401.596991,163900,,,0.05000000074505806,752.0,250.0,119.58999633789062,5.179410436539911e-05,0.0,0.0031840000301599503,0.0,4366191.0,soft_hard
417,491,219.4058701992035,1676685401.7638042,164000,97.0,200.0,0.05000000074505806,,,,0.0001629176986170933,0.0,0.0031840000301599503,0.0,4369180.5,soft_hard
418,492,220.12092566490173,1676685402.4788597,164500,97.0,200.0,0.05000000074505806,,,,0.0005740126362070441,0.0,0.0031840000301599503,0.0,4384130.5,soft_hard
419,493,220.66890478134155,1676685403.0268388,164900,,,0.05000000074505806,752.0,250.0,119.61000061035156,0.0013419219758361578,0.0,0.0031840000301599503,0.0,4396091.5,soft_hard
420,494,220.8375985622406,1676685403.1955326,165000,97.0,200.0,0.05000000074505806,,,,0.037298448383808136,0.0,0.0031840000301599503,0.0,4399081.5,soft_hard
421,495,221.55366492271423,1676685403.911599,165500,97.0,200.0,0.05000000074505806,,,,0.00139940797816962,0.0,0.0031840000301599503,0.0,4414032.0,soft_hard
422,496,222.101863861084,1676685404.459798,165900,,,0.05000000074505806,752.0,250.0,119.59500122070312,0.02173214592039585,0.0,0.0031840000301599503,0.0,4425991.5,soft_hard
423,497,222.26751565933228,1676685404.6254497,166000,97.0,200.0,0.05000000074505806,,,,0.0004436353337951005,0.0,0.0031840000301599503,0.0,4428981.5,soft_hard
424,498,222.97795987129211,1676685405.335894,166500,97.0,200.0,0.05000000074505806,,,,0.0004465931560844183,0.0,0.0031840000301599503,0.0,4443930.0,soft_hard
425,499,223.5271728038788,1676685405.8851068,166900,,,0.05000000074505806,751.0,250.0,119.5500030517578,0.0002315315796295181,0.0,0.0031840000301599503,0.0,4455887.0,soft_hard
426,500,223.6945719718933,1676685406.052506,167000,97.0,200.0,0.05000000074505806,,,,0.00020914572814945132,0.0,0.0031840000301599503,0.0,4458875.5,soft_hard
427,501,224.4091489315033,1676685406.767083,167500,97.0,200.0,0.05000000074505806,,,,0.001806846121326089,0.0,0.0031840000301599503,0.0,4473819.0,soft_hard
428,502,224.9547462463379,1676685407.3126802,167900,,,0.05000000074505806,751.0,250.0,119.56500244140624,0.00023630462237633765,0.0,0.0031840000301599503,0.0,4485775.0,soft_hard
429,504,225.8382375240326,1676685408.1961715,168500,97.0,200.0,0.05000000074505806,,,,0.00033890039776451886,0.0,0.0031840000301599503,0.0,4503709.5,soft_hard
430,505,226.3780951499939,1676685408.7360291,168900,,,0.05000000074505806,751.0,250.0,119.54499816894533,0.00023392013099510223,0.0,0.0031840000301599503,0.0,4515664.0,soft_hard
431,506,226.54509711265564,1676685408.903031,169000,97.0,200.0,0.05000000074505806,,,,0.00023385972599498928,0.0,0.0031840000301599503,0.0,4518652.5,soft_hard
432,507,227.2593915462494,1676685409.6173255,169500,97.0,200.0,0.05000000074505806,,,,0.0005126102478243411,0.0,0.0031840000301599503,0.0,4533595.5,soft_hard
433,509,227.97308468818665,1676685410.3310187,170000,97.0,200.0,0.05000000074505806,,,,0.00041282939491793513,0.0,0.0031840000301599503,0.0,4548538.0,soft_hard
434,510,228.68285298347473,1676685411.040787,170500,97.0,200.0,0.05000000074505806,,,,0.01794280670583248,0.0,0.0031840000301599503,0.0,4563480.0,soft_hard
435,511,229.22679162025452,1676685411.5847256,170900,,,0.05000000074505806,750.0,250.0,119.52999877929688,0.0004658683901652694,0.0,0.0031840000301599503,0.0,4575434.0,soft_hard
436,512,229.39274621009827,1676685411.7506802,171000,97.0,200.0,0.05000000074505806,,,,0.00015396600065287205,0.0,0.0031840000301599503,0.0,4578422.0,soft_hard
437,513,230.09979152679443,1676685412.4577255,171500,97.0,200.0,0.05000000074505806,,,,0.00031607516575604677,0.0,0.0031840000301599503,0.0,4593365.0,soft_hard
438,514,230.63850569725037,1676685412.9964397,171900,,,0.05000000074505806,750.0,250.0,119.5199966430664,0.0002442473778501153,0.0,0.0031840000301599503,0.0,4605318.5,soft_hard
439,516,231.51167678833008,1676685413.8696108,172500,97.0,200.0,0.05000000074505806,,,,0.0003874964022543282,0.0,0.0031840000301599503,0.0,4623244.0,soft_hard
440,517,232.05781817436215,1676685414.4157522,172900,,,0.05000000074505806,750.0,250.0,119.45999908447266,0.00040204875404015183,0.0,0.0031840000301599503,0.0,4635191.5,soft_hard
441,518,232.2251935005188,1676685414.5831275,173000,97.0,200.0,0.05000000074505806,,,,0.0012304040137678385,0.0,0.0031840000301599503,0.0,4638178.0,soft_hard
442,519,232.94940662384033,1676685415.3073406,173500,97.0,200.0,0.05000000074505806,,,,0.0003594945592340082,0.0,0.0031840000301599503,0.0,4653108.0,soft_hard
443,521,233.67205238342285,1676685416.0299864,174000,97.0,200.0,0.05000000074505806,,,,0.00046536544687114656,0.0,0.0031840000301599503,0.0,4668035.5,soft_hard
444,523,234.93170309066772,1676685417.289637,174900,,,0.05000000074505806,749.0,250.0,119.38500213623048,0.0002297664032084867,0.0,0.0031840000301599503,0.0,4694901.5,soft_hard
445,524,235.09914755821228,1676685417.4570816,175000,97.0,200.0,0.05000000074505806,,,,0.00016072849393822253,0.0,0.0031840000301599503,0.0,4697886.0,soft_hard
446,525,235.81101202964783,1676685418.168946,175500,97.0,200.0,0.05000000074505806,,,,0.019680267199873924,0.0,0.0031840000301599503,0.0,4712808.0,soft_hard
447,527,236.52105355262756,1676685418.8789876,176000,97.0,200.0,0.05000000074505806,,,,0.0006843169685453176,0.0,0.0031840000301599503,0.0,4727729.0,soft_hard
448,529,237.7807478904724,1676685420.138682,176900,,,0.05000000074505806,748.0,250.0,119.33000183105467,0.019146110862493515,0.0,0.0031840000301599503,0.0,4754584.0,soft_hard
449,530,237.94268369674683,1676685420.3006177,177000,97.0,200.0,0.05000000074505806,,,,0.022267991676926613,0.0,0.0031840000301599503,0.0,4757567.5,soft_hard
450,531,238.65408730506897,1676685421.0120213,177500,97.0,200.0,0.05000000074505806,,,,0.0007793111726641655,0.0,0.0031840000301599503,0.0,4772484.0,soft_hard
451,532,239.1963322162628,1676685421.5542662,177900,,,0.05000000074505806,748.0,250.0,119.3249969482422,0.00021739723160862923,0.0,0.0031840000301599503,0.0,4784417.5,soft_hard
452,533,239.36248326301575,1676685421.7204173,178000,97.0,200.0,0.05000000074505806,,,,0.00031826068880036473,0.0,0.0031840000301599503,0.0,4787400.5,soft_hard
453,534,240.07590413093567,1676685422.433838,178500,97.0,200.0,0.05000000074505806,,,,0.000435962836490944,0.0,0.0031840000301599503,0.0,4802316.5,soft_hard
454,535,240.61346793174744,1676685422.971402,178900,,,0.05000000074505806,748.0,250.0,119.33999633789062,0.0020317728631198406,0.0,0.0031840000301599503,0.0,4814250.0,soft_hard
455,536,240.78075551986697,1676685423.1386895,179000,97.0,200.0,0.05000000074505806,,,,0.0009690182050690056,0.0,0.0031840000301599503,0.0,4817233.5,soft_hard
456,537,241.4902057647705,1676685423.8481398,179500,97.0,200.0,0.05000000074505806,,,,0.0004251677601132542,0.0,0.0031840000301599503,0.0,4832150.5,soft_hard
457,538,242.04007124900815,1676685424.3980052,179900,,,0.05000000074505806,748.0,250.0,119.29000091552734,0.0007425001822412014,0.0,0.0031840000301599503,0.0,4844082.5,soft_hard
458,539,242.20802235603333,1676685424.5659564,180000,97.0,200.0,0.05000000074505806,,,,0.0002447734004817903,0.0,0.0031840000301599503,0.0,4847064.5,soft_hard
459,540,242.91877055168152,1676685425.2767043,180500,97.0,200.0,0.05000000074505806,,,,0.021883679553866383,0.0,0.0031840000301599503,0.0,4861976.5,soft_hard
460,541,243.46754670143127,1676685425.8254807,180900,,,0.05000000074505806,747.0,250.0,119.27999877929688,0.0013935272581875324,0.0,0.0031840000301599503,0.0,4873905.5,soft_hard
461,543,244.35218214988708,1676685426.710116,181500,97.0,200.0,0.05000000074505806,,,,0.00032916877535171807,0.0,0.0031840000301599503,0.0,4891795.5,soft_hard
462,545,245.06281995773315,1676685427.420754,182000,97.0,200.0,0.05000000074505806,,,,0.00028750087949447334,0.0,0.0031840000301599503,0.0,4906700.0,soft_hard
463,546,245.773864030838,1676685428.131798,182500,97.0,200.0,0.05000000074505806,,,,0.0003919981827493757,0.0,0.0031840000301599503,0.0,4921603.5,soft_hard
464,548,246.4905228614807,1676685428.8484569,183000,97.0,200.0,0.05000000074505806,,,,0.0006333274650387466,0.0,0.0031840000301599503,0.0,4936504.0,soft_hard
465,549,247.20671939849856,1676685429.5646534,183500,97.0,200.0,0.05000000074505806,,,,0.0006543031777255237,0.0,0.0031840000301599503,0.0,4951401.5,soft_hard
466,550,247.75480914115903,1676685430.1127431,183900,,,0.05000000074505806,746.0,250.0,119.15499877929688,0.0001824379141908139,0.0,0.0031840000301599503,0.0,4963318.0,soft_hard
467,551,247.92235136032104,1676685430.2802854,184000,97.0,200.0,0.05000000074505806,,,,0.0003333754139021039,0.0,0.0031840000301599503,0.0,4966297.0,soft_hard
468,552,248.62889051437375,1676685430.9868245,184500,97.0,200.0,0.05000000074505806,,,,0.00013479360495693982,0.0,0.0031840000301599503,0.0,4981189.5,soft_hard
469,553,249.177095413208,1676685431.5350294,184900,,,0.05000000074505806,746.0,250.0,119.08000183105467,0.021920017898082733,0.0,0.0031840000301599503,0.0,4993101.5,soft_hard
470,554,249.34510731697085,1676685431.7030413,185000,97.0,200.0,0.05000000074505806,,,,0.00033076194813475013,0.0,0.0031840000301599503,0.0,4996078.5,soft_hard
471,555,250.0534689426422,1676685432.411403,185500,97.0,200.0,0.05000000074505806,,,,0.018193094059824944,0.0,0.0031840000301599503,0.0,5010962.5,soft_hard
472,556,250.5925030708313,1676685432.950437,185900,,,0.05000000074505806,746.0,250.0,119.02999877929688,0.0022712084464728832,0.0,0.0031840000301599503,0.0,5022868.0,soft_hard
473,559,252.00147199630737,1676685434.359406,186900,,,0.05000000074505806,746.0,250.0,119.04000091552734,0.018489662557840347,0.0,0.0031840000301599503,0.0,5052626.0,soft_hard
474,560,252.16632556915283,1676685434.5242596,187000,97.0,200.0,0.05000000074505806,,,,0.00010654675861587748,0.0,0.0031840000301599503,0.0,5055602.0,soft_hard
475,561,252.87243056297305,1676685435.2303646,187500,97.0,200.0,0.05000000074505806,,,,0.0004248526820447296,0.0,0.0031840000301599503,0.0,5070482.5,soft_hard
476,562,253.42012119293213,1676685435.7780552,187900,,,0.05000000074505806,746.0,250.0,119.00499725341795,0.0008183172321878374,0.0,0.0031840000301599503,0.0,5082385.0,soft_hard
477,563,253.5862045288086,1676685435.9441383,188000,97.0,200.0,0.05000000074505806,,,,0.01860912889242172,0.0,0.0031840000301599503,0.0,5085360.0,soft_hard
478,564,254.30470633506775,1676685436.6626403,188500,97.0,200.0,0.05000000074505806,,,,0.0001814826246118173,0.0,0.0031840000301599503,0.0,5100236.0,soft_hard
479,565,254.84864330291748,1676685437.2065773,188900,,,0.05000000074505806,745.0,250.0,119.01000213623048,0.01799306459724903,0.0,0.0031840000301599503,0.0,5112138.0,soft_hard
480,566,255.0156831741333,1676685437.3736172,189000,97.0,200.0,0.05000000074505806,,,,0.0004259920970071107,0.0,0.0031840000301599503,0.0,5115113.0,soft_hard
481,567,255.7296335697174,1676685438.0875676,189500,97.0,200.0,0.05000000074505806,,,,0.0006258146604523063,0.0,0.0031840000301599503,0.0,5129989.0,soft_hard
482,568,256.2747128009796,1676685438.6326468,189900,,,0.05000000074505806,745.0,250.0,119.0250015258789,0.0002674062561709434,0.0,0.0031840000301599503,0.0,5141890.0,soft_hard
483,569,256.4398248195648,1676685438.7977588,190000,97.0,200.0,0.05000000074505806,,,,0.0007574772462248802,0.0,0.0031840000301599503,0.0,5144865.5,soft_hard
484,570,257.1480073928833,1676685439.5059414,190500,97.0,200.0,0.05000000074505806,,,,0.00017105713777709752,0.0,0.0031840000301599503,0.0,5159742.5,soft_hard
485,571,257.6962044239044,1676685440.0541384,190900,,,0.05000000074505806,745.0,250.0,118.98500061035156,0.018295444548130035,0.0,0.0031840000301599503,0.0,5171642.0,soft_hard
486,572,257.8641662597656,1676685440.2221005,191000,97.0,200.0,0.05000000074505806,,,,0.00025144536630250514,0.0,0.0031840000301599503,0.0,5174616.5,soft_hard
487,573,258.5765428543091,1676685440.9344769,191500,97.0,200.0,0.05000000074505806,,,,0.0009031155495904386,0.0,0.0031840000301599503,0.0,5189491.0,soft_hard
488,574,259.1233968734741,1676685441.4813309,191900,,,0.05000000074505806,745.0,250.0,119.00499725341795,0.0008299698820337653,0.0,0.0031840000301599503,0.0,5201391.5,soft_hard
489,575,259.29130959510803,1676685441.6492436,192000,97.0,200.0,0.05000000074505806,,,,0.021908095106482502,0.0,0.0031840000301599503,0.0,5204366.5,soft_hard
490,576,260.00294756889343,1676685442.3608816,192500,97.0,200.0,0.05000000074505806,,,,0.00021496096451301128,0.0,0.0031840000301599503,0.0,5219241.5,soft_hard
491,577,260.5493185520172,1676685442.9072526,192900,,,0.05000000074505806,744.0,250.0,118.98500061035156,0.000386030413210392,0.0,0.0031840000301599503,0.0,5231140.0,soft_hard
492,578,260.71475434303284,1676685443.0726883,193000,97.0,200.0,0.05000000074505806,,,,0.0006306258146651089,0.0,0.0031840000301599503,0.0,5234114.5,soft_hard
493,579,261.4245603084564,1676685443.7824943,193500,97.0,200.0,0.05000000074505806,,,,0.000358939083525911,0.0,0.0031840000301599503,0.0,5248989.0,soft_hard
494,580,261.96754002571106,1676685444.325474,193900,,,0.05000000074505806,744.0,250.0,118.99500274658205,0.017902730032801628,0.0,0.0031840000301599503,0.0,5260889.0,soft_hard
495,581,262.1357514858246,1676685444.4936855,194000,97.0,200.0,0.05000000074505806,,,,0.0001848301471909508,0.0,0.0031840000301599503,0.0,5263864.0,soft_hard
496,582,262.852744102478,1676685445.210678,194500,97.0,200.0,0.05000000074505806,,,,0.0007792942924425006,0.0,0.0031840000301599503,0.0,5278737.5,soft_hard
497,583,263.40076303482056,1676685445.758697,194900,,,0.05000000074505806,744.0,250.0,118.93499755859376,0.018807845190167427,0.0,0.0031840000301599503,0.0,5290633.5,soft_hard
498,584,263.56826281547546,1676685445.9261968,195000,97.0,200.0,0.05000000074505806,,,,0.00035947730066254735,0.0,0.0031840000301599503,0.0,5293607.0,soft_hard
499,585,264.28423976898193,1676685446.6421738,195500,97.0,200.0,0.05000000074505806,,,,0.03998780623078346,0.0,0.0031840000301599503,0.0,5308473.0,soft_hard
500,587,264.9960470199585,1676685447.353981,196000,97.0,200.0,0.05000000074505806,,,,0.0005633349646814167,0.0,0.0031840000301599503,0.0,5323339.5,soft_hard
501,588,265.70625925064087,1676685448.0641932,196500,97.0,200.0,0.05000000074505806,,,,0.017902398481965065,0.0,0.0031840000301599503,0.0,5338206.0,soft_hard
502,589,266.2492413520813,1676685448.6071754,196900,,,0.05000000074505806,743.0,250.0,118.93000030517578,8.752585563343018e-05,0.0,0.0031840000301599503,0.0,5350100.0,soft_hard
503,590,266.41771364212036,1676685448.7756476,197000,97.0,200.0,0.05000000074505806,,,,0.00016171048628166318,0.0,0.0031840000301599503,0.0,5353073.0,soft_hard
504,591,267.13359117507935,1676685449.4915252,197500,97.0,200.0,0.05000000074505806,,,,0.0011806355323642492,0.0,0.0031840000301599503,0.0,5367941.0,soft_hard
505,592,267.68180751800537,1676685450.0397415,197900,,,0.05000000074505806,743.0,250.0,118.93000030517578,0.0013973384629935026,0.0,0.0031840000301599503,0.0,5379834.0,soft_hard
506,593,267.85068345069885,1676685450.2086174,198000,97.0,200.0,0.05000000074505806,,,,0.02193361520767212,0.0,0.0031840000301599503,0.0,5382807.5,soft_hard
507,594,268.5662741661072,1676685450.9242082,198500,97.0,200.0,0.05000000074505806,,,,0.001196469645947218,0.0,0.0031840000301599503,0.0,5397674.0,soft_hard
508,595,269.1117744445801,1676685451.4697084,198900,,,0.05000000074505806,743.0,250.0,118.9000015258789,0.0005731707205995917,0.0,0.0031840000301599503,0.0,5409566.0,soft_hard
509,596,269.2793734073639,1676685451.6373074,199000,97.0,200.0,0.05000000074505806,,,,0.018297242000699043,0.0,0.0031840000301599503,0.0,5412538.5,soft_hard
510,597,269.9992096424103,1676685452.3571436,199500,97.0,200.0,0.05000000074505806,,,,0.0008356336038559675,0.0,0.0031840000301599503,0.0,5427401.5,soft_hard
511,598,270.5439968109131,1676685452.9019308,199900,,,0.05000000074505806,743.0,250.0,118.88500213623048,0.0003001929144375026,0.0,0.0031840000301599503,0.0,5439291.5,soft_hard
