,_step,_runtime,time/fps,_timestamp,global_step,rollout/ep_len_mean,rollout/ep_rew_mean,rollout/exploration_rate,eval/mean_reward,eval/mean_ep_length,train/loss,train/clip_loss,train/learning_rate,train/bound_violations,rollout/tot_ep_rew_mean,clip_method
0,1,0.9699926376342772,1540.0,1676687437.5916677,900,225.0,12.125,0.9687955975532532,,,,,,,,none
1,2,1.0651280879974363,,1676687437.686803,1000,,,0.9653631448745728,0.0,200.0,,,,,,none
2,4,1.1948027610778809,2348.0,1676687437.8164778,1900,237.5,9.9375,0.9341241121292114,,,,,,,,none
3,5,1.2884690761566162,,1676687437.910144,2000,,,0.9306915998458862,0.0,200.0,,,,,,none
4,6,1.4000129699707031,,1676687438.021688,2500,,,0.913355827331543,0.0,200.0,,,,,,none
5,7,1.4180409908294678,2809.0,1676687438.039716,2900,241.6666717529297,10.166666984558104,0.8994525671005249,,,,,,,,none
6,8,1.5124599933624268,,1676687438.134135,3000,,,0.8960200548171997,0.0,200.0,,,,,,none
7,10,1.6399309635162354,3109.0,1676687438.261606,3900,243.75,14.09375,0.8647810220718384,,,,,,,,none
8,11,1.7335584163665771,,1676687438.3552334,4000,,,0.861348569393158,0.0,200.0,,,,,,none
9,13,1.8628549575805664,3317.0,1676687438.48453,4900,245.0,12.824999809265137,0.8301094770431519,,,,,,,,none
10,14,1.9462530612945557,,1676687438.567928,5000,,,0.8266770243644714,0.0,200.0,,,,,,none
11,15,3.4973106384277344,,1676687440.1189857,5500,,,0.8093412518501282,0.0,200.0,0.0007033802685327828,0.0,0.0007825000211596489,-4232.8515625,1550.475830078125,none
12,17,5.036847829818726,,1676687441.6585228,6000,,,0.7920054793357849,0.0,200.0,1.6889134712982923e-05,0.0,0.0007825000211596489,-4253.9755859375,2999.8603515625,none
13,19,7.803471088409424,930.0,1676687444.425146,6900,246.42857360839844,11.696428298950195,0.7607664465904236,,,5.39645634489716e-06,0.0,0.0007825000211596489,-4223.76806640625,5529.3037109375,none
14,20,8.115085124969482,,1676687444.73676,7000,,,0.7573339343070984,0.0,200.0,3.171770231347182e-06,0.0,0.0007825000211596489,-4201.173828125,5821.71435546875,none
15,21,9.685983896255491,,1676687446.307659,7500,,,0.7399981617927551,0.0,200.0,1.2418773849276477e-06,0.0,0.0007825000211596489,-4214.34326171875,7382.2109375,none
16,22,10.916850090026855,750.0,1676687447.538525,7900,246.875,11.96875,0.7260949015617371,,,3.428911077207886e-05,0.0,0.0007825000211596489,-4236.505859375,8633.3671875,none
17,23,11.267391920089722,,1676687447.889067,8000,,,0.7226623892784119,0.0,200.0,2.071550170512637e-06,0.0,0.0007825000211596489,-4222.375,8932.5859375,none
18,24,12.819774627685549,,1676687449.4414496,8500,,,0.7053266167640686,0.0,200.0,8.35134244425717e-07,0.0,0.0007825000211596489,-4227.962890625,10392.9443359375,none
19,25,14.019988298416138,652.0,1676687450.6416633,8900,247.22222900390625,12.902777671813965,0.6914233565330505,,,1.1103726365035982e-06,0.0,0.0007825000211596489,-4225.97265625,11556.8935546875,none
20,26,14.370815515518188,,1676687450.9924903,9000,,,0.6879909038543701,0.0,200.0,4.500114300753921e-06,0.0,0.0007825000211596489,-4208.806640625,11879.462890625,none
21,27,15.938417196273804,,1676687452.5600922,9500,,,0.6706551313400269,0.0,200.0,6.607822797377594e-06,0.0,0.0007825000211596489,-4210.69921875,13569.41015625,none
22,28,17.152655839920044,590.0,1676687453.7743309,9900,247.5,13.362500190734863,0.656751811504364,,,2.329845301574096e-06,0.0,0.0007825000211596489,-4243.73095703125,14938.876953125,none
23,29,17.501100540161133,,1676687454.1227756,10000,,,0.6533193588256836,0.0,200.0,2.2505839297082275e-05,0.0,0.0007825000211596489,-4234.7255859375,15272.939453125,none
24,30,19.063708305358887,,1676687455.685383,10500,,,0.6359835863113403,0.0,200.0,0.00013654088252224028,0.0,0.0007825000211596489,-4214.09521484375,17102.65625,none
25,31,20.274521112442017,548.0,1676687456.896196,10900,247.7272796630859,16.44318199157715,0.6220802664756775,,,3.370247213752009e-06,0.0,0.0007825000211596489,-4211.69775390625,18768.33984375,none
26,33,22.173184156417847,,1676687458.7948592,11500,,,0.6013120412826538,0.0,200.0,2.6019708457170054e-05,0.0,0.0007825000211596489,-4199.1064453125,21247.484375,none
27,34,23.39783763885498,517.0,1676687460.019513,11900,247.9166717529297,16.30208396911621,0.5874087810516357,,,2.009470108532696e-06,0.0,0.0007825000211596489,-4199.5478515625,22889.3671875,none
28,35,23.757230520248413,,1676687460.3789055,12000,,,0.5839762687683105,0.0,200.0,2.089178997266572e-05,0.0,0.0007825000211596489,-4205.1064453125,23296.919921875,none
29,36,25.313178062438965,,1676687461.934853,12500,,,0.5666404962539673,0.0,200.0,7.615560207341332e-06,0.0,0.0007825000211596489,-4204.47265625,25320.994140625,none
30,38,26.87245225906372,,1676687463.4941273,13000,,,0.549304723739624,0.0,200.0,1.8551360199126064e-06,0.0,0.0007825000211596489,-4209.771484375,27510.521484375,none
31,39,28.433604955673218,,1676687465.05528,13500,,,0.5319689512252808,0.0,200.0,4.496261681197211e-06,0.0,0.0007825000211596489,-4214.8984375,29813.302734375,none
32,40,29.64735198020935,475.0,1676687466.269027,13900,248.2142791748047,17.75,0.5180656909942627,,,3.755531452043215e-06,0.0,0.0007825000211596489,-4196.6552734375,31617.40234375,none
33,41,29.99819540977478,,1676687466.6198704,14000,,,0.5146332383155823,0.0,200.0,1.160605336281151e-07,0.0,0.0007825000211596489,-4195.4462890625,32061.15234375,none
34,42,31.564591884613037,,1676687468.186267,14500,,,0.4972974359989166,0.0,200.0,6.2277313190861605e-06,0.0,0.0007825000211596489,-4191.0595703125,34268.8671875,none
35,43,32.779717206954956,459.0,1676687469.4013922,14900,248.3333282470703,16.875,0.48339414596557617,,,1.4403589375433512e-05,0.0,0.0007825000211596489,-4196.7275390625,35994.63671875,none
36,44,33.13027286529541,,1676687469.751948,15000,,,0.47996169328689575,0.0,200.0,1.29615164041752e-05,0.0,0.0007825000211596489,-4185.97705078125,36416.51171875,none
37,45,34.699020862579346,,1676687471.320696,15500,,,0.4626259207725525,0.0,200.0,1.969879122043494e-05,0.0,0.0007825000211596489,-4181.8359375,38518.60546875,none
38,46,35.89504599571228,447.0,1676687472.516721,15900,248.4375,16.875,0.448722630739212,,,2.5699619072838686e-06,0.0,0.0007825000211596489,-4203.0947265625,40232.60546875,none
39,47,36.24872875213623,,1676687472.8704038,16000,,,0.4452901482582092,0.0,200.0,5.701184818462934e-06,0.0,0.0007825000211596489,-4187.52783203125,40654.48046875,none
40,48,37.80688190460205,,1676687474.428557,16500,,,0.427954375743866,0.0,200.0,3.7048662306915503e-06,0.0,0.0007825000211596489,-4187.14013671875,42783.21875,none
41,50,39.390366315841675,,1676687476.012041,17000,,,0.4106186032295227,0.0,200.0,1.4498321434075478e-05,0.0,0.0007825000211596489,-4190.1494140625,44911.40625,none
42,51,40.9535448551178,,1676687477.57522,17500,,,0.39328286051750183,0.0,200.0,1.35661275635357e-05,0.0,0.0007825000211596489,-4188.90087890625,47083.3984375,none
43,52,42.164923667907715,428.0,1676687478.7865987,17900,248.61111450195312,17.01388931274414,0.3793795704841614,,,2.4858427423168905e-05,0.0,0.0007825000211596489,-4190.66357421875,48804.0546875,none
44,54,44.08106970787048,,1676687480.7027447,18500,,,0.3586113154888153,0.0,200.0,2.8408356229192577e-05,0.0,0.0007825000211596489,-4180.041015625,51368.78515625,none
45,55,45.29479455947876,420.0,1676687481.9164696,18900,248.6842041015625,16.855262756347656,0.34470802545547485,,,5.836388481839094e-06,0.0,0.0007825000211596489,-4174.18212890625,53074.13671875,none
46,56,45.64963245391846,,1676687482.2713077,19000,,,0.34127554297447205,0.0,200.0,5.218239493842702e-06,0.0,0.0007825000211596489,-4160.80517578125,53495.515625,none
47,57,47.21657037734985,,1676687483.8382454,19500,,,0.3239397704601288,0.0,200.0,1.5163313037191983e-05,0.0,0.0007825000211596489,-4185.0625,55580.67578125,none
48,58,48.43103289604187,414.0,1676687485.052708,19900,248.75,16.012500762939453,0.3100365102291107,,,2.9757653464912437e-05,0.0,0.0007825000211596489,-4183.43359375,57212.58984375,none
49,59,48.78476977348328,,1676687485.4064448,20000,,,0.3066040277481079,0.0,200.0,0.0003184730594512075,0.0,0.0007825000211596489,-4168.4931640625,57612.90234375,none
50,60,50.38920474052429,,1676687487.0108798,20500,,,0.28926825523376465,0.0,200.0,4.770166196976788e-05,0.0,0.0007825000211596489,-4148.16455078125,59690.890625,none
51,61,51.61613869667053,407.0,1676687488.2378137,20900,248.8095245361328,18.8988094329834,0.2753649652004242,,,0.0002696725423447788,0.0,0.0007825000211596489,-4150.84619140625,61469.109375,none
52,62,51.97432374954224,,1676687488.5959988,21000,,,0.2719324827194214,0.0,200.0,6.147815838630777e-06,0.0,0.0007825000211596489,-4144.1865234375,61941.578125,none
53,63,53.536458253860474,,1676687490.1581333,21500,,,0.2545967102050781,0.0,200.0,8.30749013402965e-06,0.0,0.0007825000211596489,-4152.28955078125,64343.7421875,none
54,64,54.76855278015137,402.0,1676687491.3902278,21900,248.86363220214844,21.0625,0.2406934350728989,,,2.072553434118163e-05,0.0,0.0007825000211596489,-4158.529296875,66355.7734375,none
55,65,55.12210702896118,,1676687491.743782,22000,,,0.23726095259189608,0.0,200.0,2.9072793040541e-05,0.0,0.0007825000211596489,-4144.9609375,66882.3359375,none
56,66,56.70244097709656,,1676687493.324116,22500,,,0.2199251800775528,0.0,200.0,1.333359796262812e-05,0.0,0.0007825000211596489,-4163.79833984375,69507.7265625,none
57,67,57.94680738449097,397.0,1676687494.5684824,22900,248.9130401611328,21.798913955688477,0.2060219049453735,,,1.644878284423612e-05,0.0,0.0007825000211596489,-4160.08984375,71641.1015625,none
58,68,58.30247259140015,,1676687494.9241476,23000,,,0.20258942246437073,0.0,200.0,2.565162958489964e-06,0.0,0.0007825000211596489,-4159.4560546875,72186.0703125,none
59,69,59.87480902671814,,1676687496.496484,23500,,,0.1852536499500275,0.0,200.0,7.439356522809248e-06,0.0,0.0007825000211596489,-4133.2158203125,74960.9765625,none
60,70,61.107858419418335,393.0,1676687497.7295334,23900,248.9583282470703,22.53125,0.171350359916687,,,4.911577343591489e-05,0.0,0.0007825000211596489,-4157.5439453125,77247.796875,none
61,71,61.44813179969787,,1676687498.0698068,24000,,,0.1679178774356842,0.0,200.0,1.7326290617347695e-05,0.0,0.0007825000211596489,-4149.666015625,77811.078125,none
62,72,63.02844309806824,,1676687499.650118,24500,,,0.15058211982250214,0.0,200.0,2.6406878532725383e-05,0.0,0.0007825000211596489,-4151.0380859375,80644.4453125,none
63,73,64.29198932647705,389.0,1676687500.9136643,24900,249.0,23.114999771118164,0.13667882978916168,,,0.0034897688310593367,0.0,0.0007825000211596489,-4138.16259765625,82936.1640625,none
64,74,64.61817908287048,,1676687501.239854,25000,,,0.13324634730815887,0.0,200.0,1.582608456374146e-05,0.0,0.0007825000211596489,-4162.9384765625,83514.0390625,none
65,75,66.20059418678284,,1676687502.8222692,25500,,,0.1159105822443962,0.0,200.0,0.0034373828675597906,0.0,0.0007825000211596489,-4139.98046875,86450.7890625,none
66,76,67.47276401519775,386.0,1676687504.094439,25900,250.0,23.65999984741211,0.10200729966163637,,,6.675527401966974e-05,0.0,0.0007825000211596489,-4140.4169921875,88846.5390625,none
67,77,67.7822060585022,,1676687504.403881,26000,,,0.09857481718063354,0.0,200.0,8.815371984383091e-06,0.0,0.0007825000211596489,-4161.6630859375,89438.0390625,none
68,78,69.3640296459198,,1676687505.985705,26500,,,0.08123905211687088,0.0,200.0,1.6354118997696787e-05,0.0,0.0007825000211596489,-4153.2568359375,92420.2890625,none
69,79,70.65392899513245,382.0,1676687507.275604,26900,250.0,24.959999084472656,0.06733576953411102,,,1.1266773071838545e-05,0.0,0.0007825000211596489,-4167.828125,94857.0390625,none
70,80,70.94187092781067,,1676687507.563546,27000,,,0.06390328705310822,0.0,200.0,3.023142926394939e-05,0.0,0.0007825000211596489,-4151.68798828125,95481.0390625,none
71,81,72.51496934890747,,1676687509.1366444,27500,,,0.05000000074505806,0.0,200.0,7.662068128411192e-06,0.0,0.0007825000211596489,-4148.0673828125,98597.4140625,none
72,82,73.80248618125916,380.0,1676687510.4241612,27900,250.0,24.53499984741211,0.05000000074505806,,,1.331963994744001e-05,0.0,0.0007825000211596489,-4165.20263671875,101074.6640625,none
73,83,74.08638048171997,,1676687510.7080555,28000,,,0.05000000074505806,0.0,200.0,4.204666038276628e-05,0.0,0.0007825000211596489,-4158.5087890625,101688.0390625,none
74,85,76.9632580280304,377.0,1676687513.584933,28900,250.0,24.575000762939453,0.05000000074505806,,,1.549844273540657e-05,0.0,0.0007825000211596489,-4140.7392578125,107156.4140625,none
75,86,77.23965501785278,,1676687513.86133,29000,,,0.05000000074505806,0.0,200.0,2.3943259293446317e-05,0.0,0.0007825000211596489,-4156.55908203125,107770.7890625,none
76,87,78.82782673835754,,1676687515.4495018,29500,,,0.05000000074505806,0.0,200.0,1.6056064850999974e-05,0.0,0.0007825000211596489,-4136.16162109375,110841.1640625,none
77,88,80.12647151947021,374.0,1676687516.7481463,29900,250.0,24.26499938964844,0.05000000074505806,,,3.090869722655043e-05,0.0,0.0007825000211596489,-4139.857421875,113285.1640625,none
78,89,80.4059488773346,,1676687517.027624,30000,,,0.05000000074505806,0.0,200.0,1.0177404874411876e-05,0.0,0.0007825000211596489,-4142.79296875,113891.7890625,none
79,90,81.98091912269592,,1676687518.602594,30500,,,0.05000000074505806,0.0,200.0,3.040956289623864e-05,0.0,0.0007825000211596489,-4116.57763671875,117040.2890625,none
80,92,83.57385969161987,,1676687520.1955347,31000,,,0.05000000074505806,0.0,200.0,0.00014388673298526555,0.0,0.0007825000211596489,-4109.4892578125,120420.5390625,none
81,94,86.47572660446167,370.0,1676687523.0974016,31900,250.0,29.75,0.05000000074505806,,,1.0692589967220556e-05,0.0,0.0007825000211596489,-4117.77685546875,126872.7890625,none
82,95,86.77861666679382,,1676687523.4002917,32000,,,0.05000000074505806,0.0,200.0,4.7062963858479634e-05,0.0,0.0007825000211596489,-4125.4423828125,127616.5390625,none
83,96,88.41733121871948,,1676687525.0390062,32500,,,0.05000000074505806,0.0,200.0,1.62921569426544e-05,0.0,0.0007825000211596489,-4132.533203125,131371.546875,none
84,97,89.71652173995972,368.0,1676687526.3381968,32900,250.0,31.73500061035156,0.05000000074505806,,,2.6637826522346583e-05,0.0,0.0007825000211596489,-4116.83251953125,134433.296875,none
85,98,90.0371925830841,,1676687526.6588676,33000,,,0.05000000074505806,0.0,200.0,2.285584923811257e-05,0.0,0.0007825000211596489,-4125.556640625,135226.671875,none
86,99,91.6409673690796,,1676687528.2626424,33500,,,0.05000000074505806,0.0,200.0,0.003197324927896261,0.0,0.0007825000211596489,-4132.67529296875,139273.546875,none
87,100,92.91983795166016,366.0,1676687529.541513,33900,250.0,33.209999084472656,0.05000000074505806,,,1.0155401469091885e-05,0.0,0.0007825000211596489,-4120.94873046875,142614.296875,none
88,101,93.23336744308472,,1676687529.8550425,34000,,,0.05000000074505806,0.0,200.0,2.1009396732551977e-05,0.0,0.0007825000211596489,-4121.74609375,143444.546875,none
89,102,94.85787105560304,,1676687531.479546,34500,,,0.05000000074505806,0.0,200.0,3.3671567507553846e-05,0.0,0.0007825000211596489,-4121.93310546875,147584.046875,none
90,103,96.11996269226074,364.0,1676687532.7416377,34900,250.0,34.04499816894531,0.05000000074505806,,,6.863475846330402e-06,0.0,0.0007825000211596489,-4115.40771484375,150956.796875,none
91,104,96.43907856941225,,1676687533.0607536,35000,,,0.05000000074505806,0.0,200.0,0.006434967741370201,0.0,0.0007825000211596489,-4121.4267578125,151807.921875,none
92,107,99.59759092330933,,1676687536.219266,36000,,,0.05000000074505806,0.0,200.0,3.207288318662904e-05,0.0,0.0007825000211596489,-4117.3095703125,160522.796875,none
93,110,102.81362462043762,,1676687539.4352996,37000,,,0.05000000074505806,0.0,200.0,2.1768779333797283e-05,0.0,0.0007825000211596489,-4134.080078125,170002.796875,none
94,111,104.43157815933228,,1676687541.0532532,37500,,,0.05000000074505806,0.0,200.0,5.9519457863643765e-05,0.0,0.0007825000211596489,-4118.80224609375,174940.171875,none
95,112,105.68629932403564,359.0,1676687542.3079743,37900,250.0,40.119998931884766,0.05000000074505806,,,0.00011391359294066206,0.0,0.0007825000211596489,-4142.58203125,178942.421875,none
96,113,106.04399418830872,,1676687542.6656692,38000,,,0.05000000074505806,0.0,200.0,3.4095348382834345e-05,0.0,0.0007825000211596489,-4120.7451171875,179945.421875,none
97,114,107.67133975028992,,1676687544.2930148,38500,,,0.05000000074505806,0.0,200.0,3.69683257304132e-05,0.0,0.0007825000211596489,-4129.7822265625,185000.046875,none
98,116,109.25935864448547,,1676687545.8810337,39000,,,0.05000000074505806,0.0,200.0,0.005406500771641731,0.0,0.0007825000211596489,-4126.5859375,190122.421875,none
99,118,112.07346701622008,357.0,1676687548.695142,39900,250.0,45.3650016784668,0.05000000074505806,,,1.5903309758869e-05,0.0,0.0007825000211596489,-4138.8251953125,199743.671875,none
100,120,113.99817562103271,,1676687550.6198506,40500,,,0.05000000074505806,97.0,200.0,3.574471702449955e-05,0.0,0.0007825000211596489,-4087.555908203125,206662.296875,none
101,121,115.56044006347656,355.0,1676687552.182115,40900,250.0,49.185001373291016,0.05000000074505806,,,1.394836635881802e-05,0.0,0.0007825000211596489,-4080.38232421875,211436.796875,none
102,122,115.9213342666626,,1676687552.5430093,41000,,,0.05000000074505806,97.0,200.0,1.999056439672131e-05,0.0,0.0007825000211596489,-4100.7900390625,212666.421875,none
103,123,117.50912117958067,,1676687554.1307962,41500,,,0.05000000074505806,97.0,200.0,4.494395398069173e-06,0.0,0.0007825000211596489,-4082.29443359375,218912.421875,none
104,125,119.08814787864684,,1676687555.709823,42000,,,0.05000000074505806,0.0,200.0,9.315868737758136e-06,0.0,0.0007825000211596489,-4083.55859375,225393.046875,none
105,126,120.66639494895936,,1676687557.28807,42500,,,0.05000000074505806,0.0,200.0,3.317059963592328e-05,0.0,0.0007825000211596489,-4091.184814453125,232083.546875,none
106,127,121.88364481925964,353.0,1676687558.5053198,42900,250.0,56.89500045776367,0.05000000074505806,,,0.0002069408365059644,0.0,0.0007825000211596489,-4093.252685546875,237616.796875,none
107,128,122.23970293998718,,1676687558.861378,43000,,,0.05000000074505806,97.0,200.0,0.007171418983489275,0.0,0.0007825000211596489,-4081.35986328125,239039.171875,none
108,129,123.83547282218932,,1676687560.4571478,43500,,,0.05000000074505806,97.0,200.0,0.007159885484725237,0.0,0.0007825000211596489,-4086.9150390625,246256.546875,none
109,130,125.05215430259705,352.0,1676687561.6738293,43900,250.0,61.14500045776367,0.05000000074505806,,,2.242165101051796e-05,0.0,0.0007825000211596489,-4087.445068359375,252212.546875,none
110,131,125.41435861587524,,1676687562.0360336,44000,,,0.05000000074505806,0.0,200.0,2.97029509965796e-05,0.0,0.0007825000211596489,-4086.485107421875,253741.171875,none
111,132,126.9914529323578,,1676687563.613128,44500,,,0.05000000074505806,97.0,200.0,3.7083413189975545e-05,0.0,0.0007825000211596489,-4092.955078125,261513.796875,none
112,133,128.21132946014404,351.0,1676687564.8330045,44900,250.0,65.91000366210938,0.05000000074505806,,,6.595283775823191e-05,0.0,0.0007825000211596489,-4081.201904296875,267936.28125,none
113,134,128.57236552238464,,1676687565.1940403,45000,,,0.05000000074505806,97.0,200.0,0.007006430067121983,0.0,0.0007825000211596489,-4087.78466796875,269584.03125,none
114,135,130.1551673412323,,1676687566.7768424,45500,,,0.05000000074505806,97.0,200.0,0.00013850285904482007,0.0,0.0007825000211596489,-4082.982177734375,277872.03125,none
115,137,131.7288360595703,,1676687568.350511,46000,,,0.05000000074505806,97.0,200.0,4.9456222768640146e-05,0.0,0.0007825000211596489,-4085.6025390625,286256.40625,none
116,138,133.29563307762146,,1676687569.917308,46500,,,0.05000000074505806,0.0,200.0,0.0073263938538730145,0.0,0.0007825000211596489,-4082.4541015625,294751.28125,none
117,139,134.51218485832214,349.0,1676687571.13386,46900,250.0,69.11499786376953,0.05000000074505806,,,0.007249921094626188,0.0,0.0007825000211596489,-4085.017578125,301619.03125,none
118,140,134.8667254447937,,1676687571.4884005,47000,,,0.05000000074505806,97.0,200.0,0.014217796735465528,0.0,0.0007825000211596489,-4082.22216796875,303346.90625,none
119,141,136.45542550086975,,1676687573.0771005,47500,,,0.05000000074505806,0.0,200.0,5.523911750060506e-05,0.0,0.0007825000211596489,-4080.7080078125,312104.03125,none
120,142,137.67628240585327,348.0,1676687574.2979574,47900,250.0,72.23500061035156,0.05000000074505806,,,3.259530058130622e-05,0.0,0.0007825000211596489,-4081.779296875,319247.03125,none
121,143,138.033753156662,,1676687574.6554282,48000,,,0.05000000074505806,0.0,200.0,0.007211966905742884,0.0,0.0007825000211596489,-4089.68505859375,321052.90625,none
122,144,139.60583686828613,,1676687576.227512,48500,,,0.05000000074505806,97.0,200.0,2.2432439436670393e-05,0.0,0.0007825000211596489,-4079.44580078125,330131.15625,none
123,147,142.744779586792,,1676687579.3664546,49500,,,0.05000000074505806,0.0,200.0,9.564005449647084e-05,0.0,0.0007825000211596489,-4088.2626953125,348840.15625,none
124,148,143.97420477867126,347.0,1676687580.5958798,49900,250.0,78.32499694824219,0.05000000074505806,,,3.739775638678111e-05,0.0,0.0007825000211596489,-4082.259765625,356559.65625,none
125,150,145.91794657707214,,1676687582.5396216,50500,,,0.05000000074505806,0.0,200.0,4.532705861493014e-05,0.0,0.0007825000211596489,-4012.09912109375,368385.28125,none
126,151,147.15006160736084,346.0,1676687583.7717366,50900,250.0,81.63500213623047,0.05000000074505806,,,7.687661309319083e-06,0.0,0.0007825000211596489,-4016.326171875,376400.53125,none
127,154,150.3193221092224,346.0,1676687586.9409971,51900,250.0,84.40499877929688,0.05000000074505806,,,8.386133231397253e-06,0.0,0.0007825000211596489,-4013.07763671875,397093.65625,none
128,155,150.6759192943573,,1676687587.2975943,52000,,,0.05000000074505806,0.0,200.0,1.174443241325207e-05,0.0,0.0007825000211596489,-4014.5810546875,399203.78125,none
129,156,152.24654030799866,,1676687588.868215,52500,,,0.05000000074505806,97.0,200.0,0.0090599050745368,0.0,0.0007825000211596489,-4015.626708984375,409880.03125,none
130,157,153.49807476997375,345.0,1676687590.1197498,52900,250.0,88.86000061035156,0.05000000074505806,,,0.008908211253583431,0.0,0.0007825000211596489,-4015.315185546875,418610.28125,none
131,158,153.84803175926208,,1676687590.4697068,53000,,,0.05000000074505806,0.0,200.0,0.00015994446584954858,0.0,0.0007825000211596489,-4019.805908203125,420831.78125,none
132,160,156.74181866645813,344.0,1676687593.3634937,53900,250.0,92.29499816894533,0.05000000074505806,,,1.86451397894416e-05,0.0,0.0007825000211596489,-4017.1787109375,441170.40625,none
133,161,157.07809591293335,,1676687593.699771,54000,,,0.05000000074505806,97.0,200.0,1.892485852295067e-05,0.0,0.0007825000211596489,-4012.30810546875,443477.78125,none
134,162,158.69621562957764,,1676687595.3178906,54500,,,0.05000000074505806,97.0,200.0,0.006842449773102999,0.0,0.0007825000211596489,-4018.08349609375,455146.15625,none
135,164,160.28614854812622,,1676687596.9078236,55000,,,0.05000000074505806,97.0,200.0,4.220232221996412e-05,0.0,0.0007825000211596489,-4007.81591796875,467108.53125,none
136,165,161.86881518363953,,1676687598.4904902,55500,,,0.05000000074505806,0.0,200.0,2.2055910449125804e-05,0.0,0.0007825000211596489,-4004.998046875,479244.90625,none
137,166,163.13797664642334,343.0,1676687599.7596517,55900,250.0,97.8949966430664,0.05000000074505806,,,2.1762603864772245e-05,0.0,0.0007825000211596489,-4010.970947265625,488991.65625,none
138,167,163.45663404464722,,1676687600.078309,56000,,,0.05000000074505806,97.0,200.0,1.00006400316488e-05,0.0,0.0007825000211596489,-4013.783203125,491439.03125,none
139,168,165.0516402721405,,1676687601.6733153,56500,,,0.05000000074505806,97.0,200.0,3.781195846386254e-05,0.0,0.0007825000211596489,-4017.331787109375,503742.78125,none
140,169,166.31007432937622,342.0,1676687602.931749,56900,250.0,99.5749969482422,0.05000000074505806,,,3.189171548001468e-05,0.0,0.0007825000211596489,-4003.211669921875,513656.03125,none
141,170,166.6292760372162,,1676687603.250951,57000,,,0.05000000074505806,97.0,200.0,0.017940757796168327,0.0,0.0007825000211596489,-4005.07958984375,516145.40625,none
142,171,168.21564269065857,,1676687604.8373177,57500,,,0.05000000074505806,97.0,200.0,4.6511016989825293e-05,0.0,0.0007825000211596489,-4010.578857421875,528625.9375,none
143,172,169.48700332641602,342.0,1676687606.1086783,57900,250.0,101.08999633789062,0.05000000074505806,,,0.009026946499943731,0.0,0.0007825000211596489,-4009.881591796875,538699.9375,none
144,173,169.80557250976562,,1676687606.4272475,58000,,,0.05000000074505806,0.0,200.0,2.908662827394437e-05,0.0,0.0007825000211596489,-4015.93212890625,541227.1875,none
145,174,171.37801098823547,,1676687607.999686,58500,,,0.05000000074505806,0.0,200.0,0.008925815112888813,0.0,0.0007825000211596489,-4009.1220703125,553901.9375,none
146,175,172.6482446193695,341.0,1676687609.2699196,58900,250.0,103.3000030517578,0.05000000074505806,,,3.693610415211879e-05,0.0,0.0007825000211596489,-4011.2109375,564109.9375,none
147,176,172.96591687202454,,1676687609.587592,59000,,,0.05000000074505806,0.0,200.0,6.200747156981379e-05,0.0,0.0007825000211596489,-4004.044677734375,566692.4375,none
148,177,174.56177043914795,,1676687611.1834457,59500,,,0.05000000074505806,0.0,200.0,0.00014514401846099645,0.0,0.0007825000211596489,-4009.40625,579705.3125,none
149,178,175.82808208465576,341.0,1676687612.449757,59900,250.0,106.3000030517578,0.05000000074505806,,,4.058684498886578e-05,0.0,0.0007825000211596489,-4008.360107421875,590224.5625,none
150,179,176.13600826263428,,1676687612.7576833,60000,,,0.05000000074505806,0.0,200.0,5.442224573926069e-05,0.0,0.0007825000211596489,-4012.884765625,592882.0625,none
151,181,179.0068876743317,340.0,1676687615.6285627,60900,250.0,106.68499755859376,0.05000000074505806,,,6.455523543991148e-05,0.0,0.0007825000211596489,-3911.933349609375,616838.3125,none
152,182,179.30248856544495,,1676687615.9241636,61000,,,0.05000000074505806,97.0,200.0,2.9539965908043087e-05,0.0,0.0007825000211596489,-3921.63916015625,619505.4375,none
153,183,180.8994903564453,,1676687617.5211654,61500,,,0.05000000074505806,97.0,200.0,2.8619979275390502e-05,0.0,0.0007825000211596489,-3925.297607421875,632861.9375,none
154,184,182.19100403785703,340.0,1676687618.812679,61900,250.0,108.11499786376952,0.05000000074505806,,,2.34315430134302e-05,0.0,0.0007825000211596489,-3924.639892578125,643602.1875,none
155,185,182.4783763885498,,1676687619.1000514,62000,,,0.05000000074505806,97.0,200.0,0.009995224885642529,0.0,0.0007825000211596489,-3919.24072265625,646305.0625,none
156,186,184.06383848190308,,1676687620.6855135,62500,,,0.05000000074505806,97.0,200.0,0.019924458116292953,0.0,0.0007825000211596489,-3916.861328125,659910.4375,none
157,187,185.3578324317932,340.0,1676687621.9795074,62900,250.0,110.1500015258789,0.05000000074505806,,,1.2894865903945174e-05,0.0,0.0007825000211596489,-3917.08154296875,670868.9375,none
158,188,185.6424305438995,,1676687622.2641056,63000,,,0.05000000074505806,97.0,200.0,4.343033651821315e-05,0.0,0.0007825000211596489,-3914.333251953125,673622.6875,none
159,189,187.23018383979797,,1676687623.8518589,63500,,,0.05000000074505806,97.0,200.0,4.128187720198184e-05,0.0,0.0007825000211596489,-3917.37548828125,687483.9375,none
160,190,188.52177500724792,339.0,1676687625.14345,63900,250.0,113.6750030517578,0.05000000074505806,,,0.00987462606281042,0.0,0.0007825000211596489,-3927.301513671875,698719.4375,none
161,191,188.80764245986936,,1676687625.4293177,64000,,,0.05000000074505806,97.0,200.0,0.0003297179064247757,0.0,0.0007825000211596489,-3921.418212890625,701561.3125,none
162,192,190.39895033836365,,1676687627.0206254,64500,,,0.05000000074505806,97.0,200.0,3.686515265144408e-05,0.0,0.0007825000211596489,-3921.46240234375,715794.4375,none
163,193,191.70135617256165,339.0,1676687628.3230312,64900,250.0,114.125,0.05000000074505806,,,0.01068718545138836,0.0,0.0007825000211596489,-3916.786376953125,727201.6875,none
164,194,191.9834830760956,,1676687628.605158,65000,,,0.05000000074505806,97.0,200.0,6.991092232055962e-05,0.0,0.0007825000211596489,-3921.835693359375,730054.8125,none
165,195,193.56737995147705,,1676687630.189055,65500,,,0.05000000074505806,97.0,200.0,3.3982803870458156e-05,0.0,0.0007825000211596489,-3920.26953125,744325.6875,none
166,196,194.86662769317627,338.0,1676687631.4883027,65900,250.0,114.41000366210938,0.05000000074505806,,,2.618713006086182e-05,0.0,0.0007825000211596489,-3912.5009765625,755752.6875,none
167,197,195.14636969566345,,1676687631.7680447,66000,,,0.05000000074505806,97.0,200.0,0.009947487153112888,0.0,0.0007825000211596489,-3914.84228515625,758612.9375,none
168,199,197.28087425231936,339.0,1676687633.9025493,66900,250.0,114.66999816894533,0.05000000074505806,,,1.1218239706067834e-05,0.0,0.0007825000211596489,-3916.10693359375,784381.4375,none
169,200,197.44416522979736,,1676687634.0658402,67000,,,0.05000000074505806,97.0,200.0,2.5138569981209e-05,0.0,0.0007825000211596489,-3915.63330078125,787248.1875,none
170,201,198.19788241386416,,1676687634.8195574,67500,,,0.05000000074505806,97.0,200.0,0.009723725728690624,0.0,0.0007825000211596489,-3908.437255859375,801596.3125,none
171,202,198.7780244350433,342.0,1676687635.3996994,67900,250.0,114.875,0.05000000074505806,,,4.951156006427482e-05,0.0,0.0007825000211596489,-3915.4951171875,813083.5625,none
172,203,198.93926763534543,,1676687635.5609426,68000,,,0.05000000074505806,97.0,200.0,4.313247336540371e-05,0.0,0.0007825000211596489,-3915.99951171875,815955.4375,none
173,204,199.68215131759644,,1676687636.3038263,68500,,,0.05000000074505806,97.0,200.0,4.069998976774514e-05,0.0,0.0007825000211596489,-3919.67578125,830313.3125,none
174,205,200.26514387130737,344.0,1676687636.886819,68900,250.0,114.81999969482422,0.05000000074505806,,,3.319246752653271e-05,0.0,0.0007825000211596489,-3910.94873046875,841797.3125,none
175,206,200.4305398464203,,1676687637.0522149,69000,,,0.05000000074505806,97.0,200.0,5.323482764651999e-05,0.0,0.0007825000211596489,-3917.085693359375,844667.8125,none
176,207,201.1806213855743,,1676687637.8022964,69500,,,0.05000000074505806,97.0,200.0,0.00033961827284656465,0.0,0.0007825000211596489,-3912.634765625,859021.5625,none
177,208,201.75946044921875,347.0,1676687638.3811357,69900,250.0,114.8249969482422,0.05000000074505806,,,9.680412040324882e-05,0.0,0.0007825000211596489,-3911.130859375,870505.0625,none
178,209,201.9209587574005,,1676687638.5426338,70000,,,0.05000000074505806,97.0,200.0,0.009953191503882408,0.0,0.0007825000211596489,-3907.77685546875,873375.6875,none
179,210,202.65877866744995,,1676687639.2804537,70500,,,0.05000000074505806,97.0,200.0,4.321956294006668e-05,0.0,0.0007825000211596489,-3819.953125,887732.6875,none
180,212,203.39946913719177,,1676687640.0211442,71000,,,0.05000000074505806,97.0,200.0,1.0324021786800586e-05,0.0,0.0007825000211596489,-3816.00537109375,902107.0625,none
181,213,204.14779829978943,,1676687640.7694733,71500,,,0.05000000074505806,97.0,200.0,1.3361157471081242e-05,0.0,0.0007825000211596489,-3815.219482421875,916494.8125,none
182,214,204.7271056175232,351.0,1676687641.3487806,71900,250.0,115.40499877929688,0.05000000074505806,,,0.007397088222205639,0.0,0.0007825000211596489,-3807.1982421875,928024.8125,none
183,215,204.8916940689087,,1676687641.513369,72000,,,0.05000000074505806,97.0,200.0,8.509658073307946e-05,0.0,0.0007825000211596489,-3812.58349609375,930909.9375,none
184,217,206.22571420669556,354.0,1676687642.8473892,72900,250.0,115.5199966430664,0.05000000074505806,,,0.002094636205583811,0.0,0.0007825000211596489,-3817.03955078125,956875.3125,none
185,218,206.3887944221497,,1676687643.0104694,73000,,,0.05000000074505806,97.0,200.0,7.052125874906778e-05,0.0,0.0007825000211596489,-3813.672607421875,959763.3125,none
186,219,207.134241104126,,1676687643.755916,73500,,,0.05000000074505806,97.0,200.0,3.60108315362595e-05,0.0,0.0007825000211596489,-3808.044921875,974215.8125,none
187,220,207.7202425003052,356.0,1676687644.3419175,73900,250.0,115.77999877929688,0.05000000074505806,,,0.010298822075128555,0.0,0.0007825000211596489,-3814.677734375,985791.5625,none
188,222,208.65837168693545,,1676687645.2800467,74500,,,0.05000000074505806,97.0,200.0,3.6053344956599176e-05,0.0,0.0007825000211596489,-3807.24853515625,1003164.3125,none
189,224,209.47347497940063,,1676687646.09515,75000,,,0.05000000074505806,97.0,200.0,2.9282669856911525e-05,0.0,0.0007825000211596489,-3812.142333984375,1017647.6875,none
190,225,210.81297516822815,,1676687647.4346502,75500,,,0.05000000074505806,97.0,200.0,4.299501597415656e-05,0.0,0.0007825000211596489,-3806.4267578125,1032130.1875,none
191,227,212.46036386489868,,1676687649.0820389,76000,,,0.05000000074505806,97.0,200.0,6.241116352612153e-05,0.0,0.0007825000211596489,-3809.81689453125,1046647.6875,none
192,228,214.0999400615692,,1676687650.721615,76500,,,0.05000000074505806,97.0,200.0,7.379177986877039e-05,0.0,0.0007825000211596489,-3806.043701171875,1061190.125,none
193,229,215.33935046195984,357.0,1676687651.9610257,76900,250.0,116.68000030517578,0.05000000074505806,,,2.4893022782634944e-05,0.0,0.0007825000211596489,-3817.94140625,1072836.875,none
194,230,215.697185754776,,1676687652.3188608,77000,,,0.05000000074505806,97.0,200.0,5.362233423511498e-05,0.0,0.0007825000211596489,-3801.804931640625,1075753.875,none
195,231,217.3197956085205,,1676687653.9414706,77500,,,0.05000000074505806,97.0,200.0,0.02038044296205044,0.0,0.0007825000211596489,-3812.4267578125,1090342.75,none
196,232,218.5469250679016,357.0,1676687655.1686,77900,250.0,116.97000122070312,0.05000000074505806,,,6.856130494270474e-05,0.0,0.0007825000211596489,-3808.437255859375,1102028.0,none
197,233,218.90772342681885,,1676687655.5293984,78000,,,0.05000000074505806,97.0,200.0,0.00011505049042170867,0.0,0.0007825000211596489,-3815.093017578125,1104952.25,none
198,234,220.50936031341553,,1676687657.131035,78500,,,0.05000000074505806,97.0,200.0,0.010319347493350506,0.0,0.0007825000211596489,-3813.12548828125,1119583.75,none
199,235,221.7641532421112,356.0,1676687658.3858285,78900,250.0,117.20999908447266,0.05000000074505806,,,8.753820293350145e-05,0.0,0.0007825000211596489,-3813.615478515625,1131305.5,none
200,236,222.12482976913452,,1676687658.7465048,79000,,,0.05000000074505806,97.0,200.0,4.739825089927763e-05,0.0,0.0007825000211596489,-3811.75146484375,1134235.75,none
201,238,224.9727439880371,355.0,1676687661.594419,79900,250.0,117.2699966430664,0.05000000074505806,,,0.022150618955492973,0.0,0.0007825000211596489,-3807.59619140625,1160607.875,none
202,239,225.3346724510193,,1676687661.9563477,80000,,,0.05000000074505806,97.0,200.0,0.0003361318667884916,0.0,0.0007825000211596489,-3806.382568359375,1163539.625,none
203,240,226.9522249698639,,1676687663.5739,80500,,,0.05000000074505806,97.0,200.0,6.338759703794494e-05,0.0,0.0007825000211596489,-3692.83447265625,1178198.75,none
204,242,228.55525588989255,,1676687665.176931,81000,,,0.05000000074505806,97.0,200.0,0.020306967198848724,0.0,0.0007825000211596489,-3706.808349609375,1192862.5,none
205,243,230.16349482536316,,1676687666.7851698,81500,,,0.05000000074505806,97.0,200.0,0.002212411956861615,0.0,0.0007825000211596489,-3704.153564453125,1207538.75,none
206,244,231.34588932991028,354.0,1676687667.9675643,81900,250.0,118.0500030517578,0.05000000074505806,,,4.6537996240658686e-05,0.0,0.0007825000211596489,-3701.4599609375,1219313.0,none
207,245,231.5219933986664,,1676687668.1436684,82000,,,0.05000000074505806,97.0,200.0,0.0001266848703380674,0.0,0.0007825000211596489,-3697.598388671875,1222264.25,none
208,246,232.3327963352203,,1676687668.954471,82500,,,0.05000000074505806,97.0,200.0,2.9021557566011325e-05,0.0,0.0007825000211596489,-3694.160888671875,1237037.75,none
209,248,233.83844447135925,,1676687670.4601195,83000,,,0.05000000074505806,97.0,200.0,5.421564856078476e-05,0.0,0.0007825000211596489,-3703.595458984375,1251857.5,none
210,249,235.46125292778015,,1676687672.082928,83500,,,0.05000000074505806,97.0,200.0,3.5050223232246935e-05,0.0,0.0007825000211596489,-3698.742431640625,1266706.0,none
211,250,236.7255461215973,354.0,1676687673.3472211,83900,250.0,118.9250030517578,0.05000000074505806,,,1.9871715267072432e-05,0.0,0.0007825000211596489,-3699.713623046875,1278597.5,none
212,251,237.08968901634216,,1676687673.711364,84000,,,0.05000000074505806,97.0,200.0,2.600293555587996e-05,0.0,0.0007825000211596489,-3695.76513671875,1281570.625,none
213,253,239.9849956035614,354.0,1676687676.6066706,84900,250.0,119.13500213623048,0.05000000074505806,,,0.012225568294525146,0.0,0.0007825000211596489,-3696.82958984375,1308332.875,none
214,254,240.348247051239,,1676687676.969922,85000,,,0.05000000074505806,97.0,200.0,1.4834391549811698e-05,0.0,0.0007825000211596489,-3717.26171875,1311311.25,none
215,257,243.59782457351685,,1676687680.2194996,86000,,,0.05000000074505806,97.0,200.0,6.503927579615265e-05,0.0,0.0007825000211596489,-3695.930908203125,1341097.375,none
216,258,245.21138978004456,,1676687681.8330648,86500,,,0.05000000074505806,97.0,200.0,0.010433581657707691,0.0,0.0007825000211596489,-3700.31201171875,1355987.625,none
217,260,246.8155951499939,,1676687683.4372702,87000,,,0.05000000074505806,97.0,200.0,3.672089951578528e-05,0.0,0.0007825000211596489,-3700.2861328125,1370876.75,none
218,261,248.4261965751648,,1676687685.0478716,87500,,,0.05000000074505806,97.0,200.0,3.102150731137954e-05,0.0,0.0007825000211596489,-3691.85986328125,1385763.125,none
219,262,249.66152477264404,352.0,1676687686.2831998,87900,250.0,119.05999755859376,0.05000000074505806,,,0.000140062824357301,0.0,0.0007825000211596489,-3694.1015625,1397671.125,none
220,263,250.02360463142395,,1676687686.6452796,88000,,,0.05000000074505806,97.0,200.0,3.0391585823963396e-05,0.0,0.0007825000211596489,-3695.44140625,1400647.625,none
221,265,252.83108162879944,352.0,1676687689.4527566,88900,250.0,119.0199966430664,0.05000000074505806,,,9.974172280635683e-05,0.0,0.0007825000211596489,-3700.3515625,1427433.875,none
222,266,253.19363498687744,,1676687689.81531,89000,,,0.05000000074505806,97.0,200.0,3.602400465751998e-05,0.0,0.0007825000211596489,-3699.3876953125,1430409.375,none
223,268,256.01713252067566,351.0,1676687692.6388075,89900,250.0,118.93000030517578,0.05000000074505806,,,0.010345008224248886,0.0,0.0007825000211596489,-3705.58056640625,1457181.875,none
224,270,257.9864821434021,,1676687694.6081572,90500,,,0.05000000074505806,97.0,200.0,2.6805908419191837e-05,0.0,0.0007825000211596489,-3595.1279296875,1475020.375,none
225,271,259.2242386341095,351.0,1676687695.8459136,90900,250.0,118.90499877929688,0.05000000074505806,,,0.012334279716014862,0.0,0.0007825000211596489,-3590.85986328125,1486910.875,none
226,272,259.5823290348053,,1676687696.204004,91000,,,0.05000000074505806,97.0,200.0,0.010278728790581226,0.0,0.0007825000211596489,-3590.97216796875,1489883.5,none
227,273,261.17488980293274,,1676687697.7965648,91500,,,0.05000000074505806,97.0,200.0,0.005706668831408024,0.0,0.0007825000211596489,-3590.24267578125,1504745.25,none
228,274,262.4056010246277,350.0,1676687699.027276,91900,250.0,118.81500244140624,0.05000000074505806,,,1.415168389939936e-05,0.0,0.0007825000211596489,-3590.46826171875,1516631.25,none
229,275,262.7627115249634,,1676687699.3843863,92000,,,0.05000000074505806,97.0,200.0,8.994229574454948e-05,0.0,0.0007825000211596489,-3588.16748046875,1519601.625,none
230,276,264.34825015068054,,1676687700.9699252,92500,,,0.05000000074505806,97.0,200.0,0.007911688648164272,0.0,0.0007825000211596489,-3594.222412109375,1534450.375,none
231,277,265.5799067020416,350.0,1676687702.2015817,92900,250.0,118.73999786376952,0.05000000074505806,,,7.425492367474362e-05,0.0,0.0007825000211596489,-3590.412109375,1546325.875,none
232,278,265.93475556373596,,1676687702.5564306,93000,,,0.05000000074505806,97.0,200.0,3.143449066556059e-05,0.0,0.0007825000211596489,-3574.19970703125,1549294.375,none
233,279,267.5113482475281,,1676687704.1330233,93500,,,0.05000000074505806,97.0,200.0,2.7004783987649716e-05,0.0,0.0007825000211596489,-3595.4326171875,1564135.875,none
234,280,268.7571210861206,349.0,1676687705.378796,93900,250.0,118.71499633789062,0.05000000074505806,,,8.632549725007266e-05,0.0,0.0007825000211596489,-3590.978759765625,1576008.125,none
235,281,269.11699962615967,,1676687705.7386746,94000,,,0.05000000074505806,97.0,200.0,2.9432314477162436e-05,0.0,0.0007825000211596489,-3596.326171875,1578976.0,none
236,282,270.7091484069824,,1676687707.3308234,94500,,,0.05000000074505806,97.0,200.0,0.010277473367750645,0.0,0.0007825000211596489,-3588.51171875,1593814.625,none
237,283,271.9393548965454,349.0,1676687708.56103,94900,250.0,118.68499755859376,0.05000000074505806,,,0.010258383117616177,0.0,0.0007825000211596489,-3591.79052734375,1605683.375,none
238,284,272.2930772304535,,1676687708.9147522,95000,,,0.05000000074505806,97.0,200.0,8.66880000103265e-05,0.0,0.0007825000211596489,-3593.230712890625,1608650.5,none
239,285,273.8813524246216,,1676687710.5030274,95500,,,0.05000000074505806,97.0,200.0,7.477059989469126e-05,0.0,0.0007825000211596489,-3584.4296875,1623485.5,none
240,286,275.1136622428894,349.0,1676687711.7353373,95900,250.0,118.68000030517578,0.05000000074505806,,,2.235705869679805e-05,0.0,0.0007825000211596489,-3590.2578125,1635352.75,none
241,287,275.4733328819275,,1676687712.095008,96000,,,0.05000000074505806,97.0,200.0,0.03264165297150612,0.0,0.0007825000211596489,-3587.88671875,1638319.75,none
242,288,277.06373143196106,,1676687713.6854064,96500,,,0.05000000074505806,97.0,200.0,5.502556450664997e-05,0.0,0.0007825000211596489,-3592.371337890625,1653154.25,none
243,289,278.3035132884979,348.0,1676687714.9251883,96900,250.0,118.70999908447266,0.05000000074505806,,,0.0005052560591138899,0.0,0.0007825000211596489,-3581.394775390625,1665024.5,none
244,292,281.467355966568,348.0,1676687718.089031,97900,250.0,118.69000244140624,0.05000000074505806,,,0.012273432686924934,0.0,0.0007825000211596489,-3583.20166015625,1694700.75,none
245,293,281.82816553115845,,1676687718.4498403,98000,,,0.05000000074505806,97.0,200.0,0.012100525200366974,0.0,0.0007825000211596489,-3587.41162109375,1697668.0,none
246,294,283.40787267684937,,1676687720.0295477,98500,,,0.05000000074505806,97.0,200.0,0.010389978066086767,0.0,0.0007825000211596489,-3584.95361328125,1712505.0,none
247,295,284.6434488296509,347.0,1676687721.2651238,98900,250.0,118.66000366210938,0.05000000074505806,,,0.010381457395851612,0.0,0.0007825000211596489,-3580.001708984375,1724374.75,none
248,296,284.9969091415405,,1676687721.6185842,99000,,,0.05000000074505806,97.0,200.0,5.607072671409696e-05,0.0,0.0007825000211596489,-3591.326171875,1727341.25,none
249,298,287.80234956741333,347.0,1676687724.4240246,99900,250.0,118.66999816894533,0.05000000074505806,,,0.0004803348856512457,0.0,0.0007825000211596489,-3583.48876953125,1754036.875,none
250,299,288.16319036483765,,1676687724.7848654,100000,,,0.05000000074505806,97.0,200.0,5.157489067642018e-05,0.0,0.0007825000211596489,-3586.51806640625,1757003.625,none
251,300,289.7453980445862,,1676687726.367073,100500,,,0.05000000074505806,97.0,200.0,7.742095476714894e-05,0.0,0.0007825000211596489,-3486.724365234375,1771837.5,none
252,302,291.3494427204132,,1676687727.9711175,101000,,,0.05000000074505806,97.0,200.0,1.954503204615321e-05,0.0,0.0007825000211596489,-3489.046875,1786672.5,none
253,303,292.9406955242157,,1676687729.5623703,101500,,,0.05000000074505806,97.0,200.0,0.010029194876551628,0.0,0.0007825000211596489,-3482.7607421875,1801507.75,none
254,304,294.1680748462677,346.0,1676687730.78975,101900,250.0,118.69000244140624,0.05000000074505806,,,4.665986853069626e-05,0.0,0.0007825000211596489,-3485.8515625,1813376.25,none
255,305,294.5342254638672,,1676687731.1559005,102000,,,0.05000000074505806,97.0,200.0,1.6702786524547264e-05,0.0,0.0007825000211596489,-3482.0244140625,1816343.5,none
256,307,297.33849453926086,346.0,1676687733.9601696,102900,250.0,118.66500091552734,0.05000000074505806,,,0.010168713517487047,0.0,0.0007825000211596489,-3490.47998046875,1843048.625,none
257,308,297.69864678382874,,1676687734.3203218,103000,,,0.05000000074505806,97.0,200.0,0.0005748319090344012,0.0,0.0007825000211596489,-3476.42822265625,1846015.25,none
258,310,300.53580594062805,346.0,1676687737.157481,103900,250.0,118.68000030517578,0.05000000074505806,,,0.020247701555490497,0.0,0.0007825000211596489,-3483.23876953125,1872720.875,none
259,312,302.5216290950775,,1676687739.143304,104500,,,0.05000000074505806,97.0,200.0,2.5227252990589477e-05,0.0,0.0007825000211596489,-3479.0830078125,1890523.625,none
260,313,303.75251054763794,345.0,1676687740.3741856,104900,250.0,118.69499969482422,0.05000000074505806,,,4.556235217023641e-05,0.0,0.0007825000211596489,-3488.68603515625,1902392.625,none
261,314,304.1165316104889,,1676687740.7382066,105000,,,0.05000000074505806,97.0,200.0,5.384796531870961e-05,0.0,0.0007825000211596489,-3476.61865234375,1905360.0,none
262,315,305.72048783302307,,1676687742.3421628,105500,,,0.05000000074505806,97.0,200.0,0.02022107131779194,0.0,0.0007825000211596489,-3486.1787109375,1920197.125,none
263,318,308.9418065547943,,1676687745.5634816,106500,,,0.05000000074505806,97.0,200.0,0.02240513078868389,0.0,0.0007825000211596489,-3485.76708984375,1949864.875,none
264,319,310.16736936569214,345.0,1676687746.7890444,106900,250.0,118.66999816894533,0.05000000074505806,,,1.879373303381726e-05,0.0,0.0007825000211596489,-3479.4716796875,1961730.375,none
265,320,310.5195219516754,,1676687747.141197,107000,,,0.05000000074505806,97.0,200.0,7.454227306880057e-05,0.0,0.0007825000211596489,-3478.33740234375,1964697.125,none
266,321,312.10928177833557,,1676687748.7309568,107500,,,0.05000000074505806,97.0,200.0,3.064835618715733e-05,0.0,0.0007825000211596489,-3478.2587890625,1979533.0,none
267,323,313.7188138961792,,1676687750.340489,108000,,,0.05000000074505806,97.0,200.0,0.02027152292430401,0.0,0.0007825000211596489,-3487.80419921875,1994371.5,none
268,324,315.3196246623993,,1676687751.9412997,108500,,,0.05000000074505806,97.0,200.0,2.9257318601594307e-05,0.0,0.0007825000211596489,-3479.965576171875,2009212.25,none
269,327,318.4875671863556,,1676687755.1092422,109500,,,0.05000000074505806,97.0,200.0,6.301536632236093e-05,0.0,0.0007825000211596489,-3480.484130859375,2038898.625,none
270,328,319.7042384147644,344.0,1676687756.3259134,109900,250.0,118.7699966430664,0.05000000074505806,,,0.020319176837801933,0.0,0.0007825000211596489,-3481.177490234375,2050773.875,none
271,329,320.05956864356995,,1676687756.6812437,110000,,,0.05000000074505806,97.0,200.0,0.012228287756443024,0.0,0.0007825000211596489,-3474.515869140625,2053743.125,none
272,330,321.6429708003998,,1676687758.2646458,110500,,,0.05000000074505806,97.0,200.0,5.6675635278224945e-05,0.0,0.0007825000211596489,-3372.4013671875,2068591.875,none
273,331,322.85379004478455,343.0,1676687759.475465,110900,250.0,118.79000091552734,0.05000000074505806,,,1.3768169083050452e-05,0.0,0.0007825000211596489,-3379.8056640625,2080470.125,none
274,333,324.79784989356995,,1676687761.419525,111500,,,0.05000000074505806,97.0,200.0,2.5243645723094232e-05,0.0,0.0007825000211596489,-3381.77392578125,2098290.25,none
275,334,326.02083373069763,343.0,1676687762.6425087,111900,250.0,118.8249969482422,0.05000000074505806,,,2.249785393360071e-05,0.0,0.0007825000211596489,-3373.976806640625,2110173.0,none
276,336,327.96666502952576,,1676687764.58834,112500,,,0.05000000074505806,97.0,200.0,0.01005188375711441,0.0,0.0007825000211596489,-3376.09228515625,2127996.0,none
277,337,329.1935496330261,343.0,1676687765.8152246,112900,250.0,118.79499816894533,0.05000000074505806,,,0.012063886038959026,0.0,0.0007825000211596489,-3376.6064453125,2139876.0,none
278,338,329.5576479434967,,1676687766.179323,113000,,,0.05000000074505806,97.0,200.0,5.9551530284807086e-05,0.0,0.0007825000211596489,-3379.859375,2142845.75,none
279,339,331.1376211643219,,1676687767.7592962,113500,,,0.05000000074505806,97.0,200.0,3.59015139110852e-05,0.0,0.0007825000211596489,-3380.829345703125,2157692.25,none
280,340,332.3873372077942,343.0,1676687769.0090122,113900,250.0,118.74500274658205,0.05000000074505806,,,0.010071172378957272,0.0,0.0007825000211596489,-3380.42138671875,2169567.5,none
281,341,332.7259683609009,,1676687769.3476434,114000,,,0.05000000074505806,97.0,200.0,3.205742541467771e-05,0.0,0.0007825000211596489,-3379.713134765625,2172536.0,none
282,342,334.32003474235535,,1676687770.9417098,114500,,,0.05000000074505806,97.0,200.0,0.01009951625019312,0.0,0.0007825000211596489,-3371.974609375,2187380.5,none
283,344,335.9166488647461,,1676687772.538324,115000,,,0.05000000074505806,97.0,200.0,7.33294291421771e-05,0.0,0.0007825000211596489,-3377.2578125,2202227.5,none
284,345,337.4914035797119,,1676687774.1130786,115500,,,0.05000000074505806,97.0,200.0,0.010004994459450243,0.0,0.0007825000211596489,-3385.04736328125,2217076.75,none
285,347,339.0856919288635,,1676687775.707367,116000,,,0.05000000074505806,97.0,200.0,6.282870890572667e-05,0.0,0.0007825000211596489,-3375.77099609375,2231927.5,none
286,348,340.6963138580322,,1676687777.3179889,116500,,,0.05000000074505806,97.0,200.0,5.833419709233567e-05,0.0,0.0007825000211596489,-3384.81640625,2246779.25,none
287,349,341.95756435394287,342.0,1676687778.5792394,116900,250.0,118.8499984741211,0.05000000074505806,,,0.012132462114095688,0.0,0.0007825000211596489,-3371.7939453125,2258661.5,none
288,350,342.274617433548,,1676687778.8962924,117000,,,0.05000000074505806,97.0,200.0,1.6573094399063848e-05,0.0,0.0007825000211596489,-3371.671142578125,2261632.75,none
289,354,347.0340416431427,,1676687783.655717,118500,,,0.05000000074505806,97.0,200.0,0.010070976801216602,0.0,0.0007825000211596489,-3382.826171875,2306207.25,none
290,355,348.29742407798767,341.0,1676687784.919099,118900,250.0,118.9000015258789,0.05000000074505806,,,0.0001062260998878628,0.0,0.0007825000211596489,-3377.98193359375,2318096.75,none
291,356,348.62189054489136,,1676687785.2435656,119000,,,0.05000000074505806,97.0,200.0,0.010145217180252075,0.0,0.0007825000211596489,-3376.318603515625,2321069.25,none
292,357,350.21445965766907,,1676687786.836135,119500,,,0.05000000074505806,97.0,200.0,7.29376042727381e-05,0.0,0.0007825000211596489,-3378.2744140625,2335933.25,none
293,359,351.8036301136017,,1676687788.4253051,120000,,,0.05000000074505806,97.0,200.0,0.0005251551046967506,0.0,0.0007825000211596489,-3380.193603515625,2350799.75,none
294,360,353.3956925868988,,1676687790.0173676,120500,,,0.05000000074505806,97.0,200.0,0.010024490766227244,0.0,0.0007825000211596489,-3276.612548828125,2365666.25,none
295,361,354.6623783111572,341.0,1676687791.284053,120900,250.0,118.93499755859376,0.05000000074505806,,,0.007883441634476185,0.0,0.0007825000211596489,-3278.310546875,2377559.25,none
296,362,354.98377990722656,,1676687791.605455,121000,,,0.05000000074505806,97.0,200.0,1.6569349099881947e-05,0.0,0.0007825000211596489,-3278.787109375,2380532.75,none
297,363,356.5679030418396,,1676687793.189578,121500,,,0.05000000074505806,97.0,200.0,9.56619405769743e-05,0.0,0.0007825000211596489,-3273.400634765625,2395400.25,none
298,364,357.8428530693054,341.0,1676687794.464528,121900,250.0,118.91000366210938,0.05000000074505806,,,3.0660325137432665e-05,0.0,0.0007825000211596489,-3277.24755859375,2407292.75,none
299,365,358.16594886779785,,1676687794.787624,122000,,,0.05000000074505806,97.0,200.0,1.7510321413283236e-05,0.0,0.0007825000211596489,-3278.488525390625,2410265.5,none
300,366,359.7524037361145,,1676687796.3740788,122500,,,0.05000000074505806,97.0,200.0,2.7138878067489713e-05,0.0,0.0007825000211596489,-3284.357421875,2425130.0,none
301,368,361.3489496707916,,1676687797.9706247,123000,,,0.05000000074505806,97.0,200.0,7.975821063155308e-06,0.0,0.0007825000211596489,-3279.078369140625,2440000.0,none
302,369,362.9259693622589,,1676687799.5476444,123500,,,0.05000000074505806,97.0,200.0,4.177051596343517e-05,0.0,0.0007825000211596489,-3277.3857421875,2454874.75,none
303,370,364.1851460933686,340.0,1676687800.806821,123900,250.0,119.0749969482422,0.05000000074505806,,,0.011994955129921436,0.0,0.0007825000211596489,-3278.4658203125,2466777.75,none
304,371,364.50797033309937,,1676687801.129645,124000,,,0.05000000074505806,97.0,200.0,5.822471939609386e-05,0.0,0.0007825000211596489,-3274.130615234375,2469754.5,none
305,372,366.0961048603058,,1676687802.71778,124500,,,0.05000000074505806,97.0,200.0,4.279823770048097e-05,0.0,0.0007825000211596489,-3277.4560546875,2484638.5,none
306,373,367.3624489307403,340.0,1676687803.984124,124900,250.0,119.0749969482422,0.05000000074505806,,,6.436710827983916e-05,0.0,0.0007825000211596489,-3283.013671875,2496546.25,none
307,374,367.6896095275879,,1676687804.3112843,125000,,,0.05000000074505806,97.0,200.0,2.3907734430395067e-05,0.0,0.0007825000211596489,-3274.149658203125,2499523.0,none
308,375,369.3040769100189,,1676687805.925752,125500,,,0.05000000074505806,97.0,200.0,2.1717505660490133e-05,0.0,0.0007825000211596489,-3275.5556640625,2514407.75,none
309,377,370.91554164886475,,1676687807.537217,126000,,,0.05000000074505806,97.0,200.0,7.773094694130123e-05,0.0,0.0007825000211596489,-3280.7822265625,2529288.0,none
310,378,372.5249140262604,,1676687809.146589,126500,,,0.05000000074505806,97.0,200.0,0.0200611911714077,0.0,0.0007825000211596489,-3277.16748046875,2544169.0,none
311,379,373.7890529632568,339.0,1676687810.410728,126900,250.0,119.0500030517578,0.05000000074505806,,,3.3804113627411425e-05,0.0,0.0007825000211596489,-3278.62109375,2556075.25,none
312,380,374.1442790031433,,1676687810.765954,127000,,,0.05000000074505806,97.0,200.0,8.388589776586741e-05,0.0,0.0007825000211596489,-3272.449951171875,2559051.5,none
313,381,375.78265619277954,,1676687812.4043312,127500,,,0.05000000074505806,97.0,200.0,0.009985324926674366,0.0,0.0007825000211596489,-3277.72021484375,2573934.0,none
314,382,377.0430226325989,339.0,1676687813.6646976,127900,250.0,119.12000274658205,0.05000000074505806,,,0.01012092363089323,0.0,0.0007825000211596489,-3275.832275390625,2585844.5,none
315,383,377.4057059288025,,1676687814.027381,128000,,,0.05000000074505806,97.0,200.0,2.9638598789460957e-05,0.0,0.0007825000211596489,-3273.83349609375,2588822.5,none
316,384,379.0283200740814,,1676687815.649995,128500,,,0.05000000074505806,97.0,200.0,0.0004801159084308893,0.0,0.0007825000211596489,-3269.45751953125,2603710.5,none
317,385,380.2730362415314,339.0,1676687816.8947113,128900,250.0,119.06999969482422,0.05000000074505806,,,0.01999858021736145,0.0,0.0007825000211596489,-3275.7421875,2615617.75,none
318,386,380.63436126708984,,1676687817.2560363,129000,,,0.05000000074505806,97.0,200.0,0.010063700377941132,0.0,0.0007825000211596489,-3274.21337890625,2618594.5,none
319,387,382.2321763038635,,1676687818.8538513,129500,,,0.05000000074505806,97.0,200.0,4.619540413841605e-05,0.0,0.0007825000211596489,-3276.154296875,2633479.25,none
320,388,383.45171904563904,339.0,1676687820.073394,129900,250.0,119.06500244140624,0.05000000074505806,,,0.00013597504585050046,0.0,0.0007825000211596489,-3263.9658203125,2645386.75,none
321,389,383.8092613220215,,1676687820.4309363,130000,,,0.05000000074505806,97.0,200.0,0.01000217441469431,0.0,0.0007825000211596489,-3267.8564453125,2648363.5,none
322,390,385.4191136360169,,1676687822.040789,130500,,,0.05000000074505806,97.0,200.0,3.6639368772739545e-05,0.0,0.0007825000211596489,-3174.234619140625,2663246.0,none
323,391,386.6513819694519,338.0,1676687823.273057,130900,250.0,119.0500030517578,0.05000000074505806,,,1.5554742276435718e-05,0.0,0.0007825000211596489,-3167.35498046875,2675151.5,none
324,392,387.0130031108856,,1676687823.634678,131000,,,0.05000000074505806,97.0,200.0,1.783795414667111e-05,0.0,0.0007825000211596489,-3172.2001953125,2678127.75,none
325,393,388.605596780777,,1676687825.2272718,131500,,,0.05000000074505806,97.0,200.0,3.696480780490674e-05,0.0,0.0007825000211596489,-3182.39111328125,2693009.0,none
326,394,389.85214591026306,338.0,1676687826.473821,131900,250.0,119.01000213623048,0.05000000074505806,,,6.95107810315676e-05,0.0,0.0007825000211596489,-3167.19677734375,2704913.25,none
327,395,390.21571230888367,,1676687826.837387,132000,,,0.05000000074505806,97.0,200.0,3.7873294786550105e-05,0.0,0.0007825000211596489,-3168.543212890625,2707888.5,none
328,396,391.81652188301086,,1676687828.438197,132500,,,0.05000000074505806,97.0,200.0,0.010099326260387896,0.0,0.0007825000211596489,-3171.490234375,2722765.75,none
329,397,393.0659213066101,338.0,1676687829.6875963,132900,250.0,119.0250015258789,0.05000000074505806,,,6.74272669130005e-05,0.0,0.0007825000211596489,-3181.7646484375,2734668.25,none
330,399,395.0486268997192,,1676687831.670302,133500,,,0.05000000074505806,97.0,200.0,0.010031001642346382,0.0,0.0007825000211596489,-3172.914306640625,2752519.25,none
331,400,396.28324937820435,338.0,1676687832.9049244,133900,250.0,119.01000213623048,0.05000000074505806,,,0.009941459633409975,0.0,0.0007825000211596489,-3172.05517578125,2764417.75,none
332,401,396.64150047302246,,1676687833.2631755,134000,,,0.05000000074505806,97.0,200.0,5.423776019597426e-05,0.0,0.0007825000211596489,-3169.021728515625,2767393.0,none
333,402,398.21852922439575,,1676687834.8402042,134500,,,0.05000000074505806,97.0,200.0,1.839994547481183e-05,0.0,0.0007825000211596489,-3177.07861328125,2782270.75,none
334,403,399.4530186653137,338.0,1676687836.0746937,134900,250.0,119.00499725341795,0.05000000074505806,,,9.977786976378412e-05,0.0,0.0007825000211596489,-3177.509765625,2794172.5,none
335,404,399.8098254203797,,1676687836.4315004,135000,,,0.05000000074505806,97.0,200.0,4.2108458728762344e-05,0.0,0.0007825000211596489,-3172.228271484375,2797147.5,none
336,405,401.4054715633392,,1676687838.0271466,135500,,,0.05000000074505806,97.0,200.0,0.010028310120105743,0.0,0.0007825000211596489,-3175.44677734375,2812020.75,none
337,406,402.62421584129333,337.0,1676687839.2458909,135900,250.0,119.00499725341795,0.05000000074505806,,,5.538383265957236e-05,0.0,0.0007825000211596489,-3173.9423828125,2823920.25,none
338,407,402.9874718189239,,1676687839.6091468,136000,,,0.05000000074505806,97.0,200.0,5.7515415392117575e-05,0.0,0.0007825000211596489,-3173.27392578125,2826895.5,none
339,409,405.80952167510986,337.0,1676687842.4311967,136900,250.0,119.0,0.05000000074505806,,,0.0004672012000810355,0.0,0.0007825000211596489,-3168.443359375,2853669.5,none
340,410,406.1700599193573,,1676687842.791735,137000,,,0.05000000074505806,97.0,200.0,5.7482302509015426e-05,0.0,0.0007825000211596489,-3178.146240234375,2856644.5,none
341,412,408.99205136299133,337.0,1676687845.6137264,137900,250.0,119.0500030517578,0.05000000074505806,,,7.02422548783943e-05,0.0,0.0007825000211596489,-3176.68310546875,2883423.75,none
342,413,409.35085463523865,,1676687845.9725296,138000,,,0.05000000074505806,97.0,200.0,0.010126599110662935,0.0,0.0007825000211596489,-3169.64306640625,2886400.0,none
343,414,410.93332600593567,,1676687847.555001,138500,,,0.05000000074505806,97.0,200.0,3.620403367676772e-05,0.0,0.0007825000211596489,-3167.190673828125,2901283.25,none
344,416,412.5379836559296,,1676687849.159659,139000,,,0.05000000074505806,97.0,200.0,6.360546831274405e-05,0.0,0.0007825000211596489,-3166.95849609375,2916168.75,none
345,417,414.11335730552673,,1676687850.7350323,139500,,,0.05000000074505806,97.0,200.0,7.469628326361999e-05,0.0,0.0007825000211596489,-3173.876953125,2931054.75,none
346,418,415.3427164554596,337.0,1676687851.9643917,139900,250.0,119.08999633789062,0.05000000074505806,,,0.02195851132273674,0.0,0.0007825000211596489,-3170.798828125,2942963.5,none
347,419,415.6995239257813,,1676687852.321199,140000,,,0.05000000074505806,97.0,200.0,4.072849696967751e-05,0.0,0.0007825000211596489,-3172.71826171875,2945940.75,none
348,420,417.3378491401672,,1676687853.9595242,140500,,,0.05000000074505806,97.0,200.0,2.1666275642928667e-05,0.0,0.0007825000211596489,-3074.42431640625,2960826.5,none
349,421,418.556009054184,336.0,1676687855.177684,140900,250.0,119.0500030517578,0.05000000074505806,,,2.7461663194117136e-05,0.0,0.0007825000211596489,-3079.4326171875,2972733.75,none
350,422,418.9170603752136,,1676687855.5387354,141000,,,0.05000000074505806,97.0,200.0,3.14734315907117e-05,0.0,0.0007825000211596489,-3076.037109375,2975710.0,none
351,423,420.50221395492554,,1676687857.123889,141500,,,0.05000000074505806,97.0,200.0,4.074532989761792e-05,0.0,0.0007825000211596489,-3081.75537109375,2990588.5,none
352,424,421.727979183197,336.0,1676687858.3496542,141900,250.0,118.98999786376952,0.05000000074505806,,,3.046470374101773e-05,0.0,0.0007825000211596489,-3083.1904296875,3002488.75,none
353,426,423.6766867637634,,1676687860.2983618,142500,,,0.05000000074505806,97.0,200.0,2.986345316458028e-05,0.0,0.0007825000211596489,-3074.03369140625,3020336.25,none
354,428,425.28765535354614,,1676687861.9093304,143000,,,0.05000000074505806,97.0,200.0,5.219686499913223e-05,0.0,0.0007825000211596489,-3076.21728515625,3035208.5,none
355,429,426.8619117736816,,1676687863.4835868,143500,,,0.05000000074505806,97.0,200.0,0.010014118626713753,0.0,0.0007825000211596489,-3071.0048828125,3050079.25,none
356,430,428.076295375824,336.0,1676687864.6979704,143900,250.0,118.95500183105467,0.05000000074505806,,,3.128602838842198e-05,0.0,0.0007825000211596489,-3072.447509765625,3061974.25,none
357,431,428.44493293762207,,1676687865.066608,144000,,,0.05000000074505806,97.0,200.0,0.010005696676671503,0.0,0.0007825000211596489,-3075.404296875,3064948.25,none
358,432,430.0325119495392,,1676687866.654187,144500,,,0.05000000074505806,97.0,200.0,1.519382385595236e-05,0.0,0.0007825000211596489,-3064.919677734375,3079817.25,none
359,433,431.2522211074829,336.0,1676687867.873896,144900,250.0,118.97000122070312,0.05000000074505806,,,0.012061269022524357,0.0,0.0007825000211596489,-3079.615478515625,3091713.5,none
360,434,431.6179609298706,,1676687868.239636,145000,,,0.05000000074505806,97.0,200.0,2.820808549586218e-05,0.0,0.0007825000211596489,-3073.77490234375,3094687.75,none
361,435,433.20777440071106,,1676687869.8294494,145500,,,0.05000000074505806,97.0,200.0,0.010218236595392227,0.0,0.0007825000211596489,-3071.272705078125,3109556.0,none
362,436,434.44594287872314,336.0,1676687871.067618,145900,250.0,118.90499877929688,0.05000000074505806,,,0.0002264671929879114,0.0,0.0007825000211596489,-3071.73486328125,3121448.75,none
363,437,434.7998914718628,,1676687871.4215665,146000,,,0.05000000074505806,97.0,200.0,1.4427259884541854e-05,0.0,0.0007825000211596489,-3076.4951171875,3124421.5,none
364,438,436.3816010951996,,1676687873.003276,146500,,,0.05000000074505806,97.0,200.0,9.125148062594236e-05,0.0,0.0007825000211596489,-3081.08984375,3139284.0,none
365,440,437.97004079818726,,1676687874.5917158,147000,,,0.05000000074505806,97.0,200.0,3.769079921767115e-05,0.0,0.0007825000211596489,-3073.70068359375,3154149.75,none
366,442,440.8045189380646,335.0,1676687877.426194,147900,250.0,118.88999938964844,0.05000000074505806,,,4.665765300160274e-05,0.0,0.0007825000211596489,-3073.6943359375,3180905.0,none
367,443,441.16523790359497,,1676687877.786913,148000,,,0.05000000074505806,97.0,200.0,0.00014707726950291544,0.0,0.0007825000211596489,-3077.42626953125,3183877.25,none
368,444,442.7456576824188,,1676687879.3673327,148500,,,0.05000000074505806,97.0,200.0,0.012041178531944752,0.0,0.0007825000211596489,-3073.23681640625,3198737.25,none
369,445,443.97572207450867,335.0,1676687880.597397,148900,250.0,118.875,0.05000000074505806,,,5.82978391321376e-05,0.0,0.0007825000211596489,-3076.904296875,3210624.5,none
370,446,444.3343274593353,,1676687880.9560025,149000,,,0.05000000074505806,97.0,200.0,0.012131466530263424,0.0,0.0007825000211596489,-3068.5625,3213596.25,none
371,447,445.92785811424255,,1676687882.5495331,149500,,,0.05000000074505806,97.0,200.0,9.609063272364438e-05,0.0,0.0007825000211596489,-3076.60107421875,3228457.5,none
372,449,447.5218548774719,,1676687884.14353,150000,,,0.05000000074505806,97.0,200.0,0.010134262964129448,0.0,0.0007825000211596489,-3075.5634765625,3243316.25,none
373,450,449.1052815914154,,1676687885.7269566,150500,,,0.05000000074505806,97.0,200.0,4.2790386942215264e-05,0.0,0.0007825000211596489,-2980.802734375,3258172.25,none
374,452,450.7046449184418,,1676687887.32632,151000,,,0.05000000074505806,97.0,200.0,2.875808058888651e-05,0.0,0.0007825000211596489,-2972.5537109375,3273030.25,none
375,453,452.29655838012695,,1676687888.9182334,151500,,,0.05000000074505806,97.0,200.0,1.732510827423539e-05,0.0,0.0007825000211596489,-2974.490966796875,3287889.75,none
376,454,453.53153228759766,335.0,1676687890.1532073,151900,250.0,118.8249969482422,0.05000000074505806,,,5.707914533559233e-05,0.0,0.0007825000211596489,-2981.3037109375,3299775.25,none
377,455,453.88755559921265,,1676687890.5092306,152000,,,0.05000000074505806,97.0,200.0,3.633452070062049e-05,0.0,0.0007825000211596489,-2975.359375,3302746.0,none
378,456,455.4805819988251,,1676687892.102257,152500,,,0.05000000074505806,97.0,200.0,3.545361687429249e-05,0.0,0.0007825000211596489,-2974.20166015625,3317598.0,none
379,457,456.69872879981995,335.0,1676687893.3204038,152900,250.0,118.79499816894533,0.05000000074505806,,,7.573638868052512e-05,0.0,0.0007825000211596489,-2975.925537109375,3329477.75,none
380,459,458.6544501781464,,1676687895.2761252,153500,,,0.05000000074505806,97.0,200.0,0.012031439691781998,0.0,0.0007825000211596489,-2980.01708984375,3347299.0,none
381,461,460.2542939186096,,1676687896.875969,154000,,,0.05000000074505806,97.0,200.0,4.646519664674997e-05,0.0,0.0007825000211596489,-2970.495849609375,3362155.25,none
382,462,461.854065656662,,1676687898.475741,154500,,,0.05000000074505806,97.0,200.0,4.515549881034531e-05,0.0,0.0007825000211596489,-2979.794677734375,3377014.25,none
383,464,463.4358460903168,,1676687900.057521,155000,,,0.05000000074505806,97.0,200.0,0.0102329570800066,0.0,0.0007825000211596489,-2981.490234375,3391875.0,none
384,465,465.0183639526367,,1676687901.640039,155500,,,0.05000000074505806,97.0,200.0,2.915968252636958e-05,0.0,0.0007825000211596489,-2974.669677734375,3406737.75,none
385,466,466.2349245548248,334.0,1676687902.8565996,155900,250.0,118.94499969482422,0.05000000074505806,,,0.010232195258140564,0.0,0.0007825000211596489,-2972.1484375,3418630.25,none
386,467,466.6057677268982,,1676687903.2274427,156000,,,0.05000000074505806,97.0,200.0,6.356441008392721e-05,0.0,0.0007825000211596489,-2974.30322265625,3421604.0,none
387,469,469.43435978889465,334.0,1676687906.0560348,156900,250.0,119.02999877929688,0.05000000074505806,,,6.415554526029155e-05,0.0,0.0007825000211596489,-2983.052734375,3448373.75,none
388,470,469.7803952693939,,1676687906.4020703,157000,,,0.05000000074505806,97.0,200.0,0.012083744630217552,0.0,0.0007825000211596489,-2979.35595703125,3451349.5,none
389,471,471.39692187309265,,1676687908.018597,157500,,,0.05000000074505806,97.0,200.0,0.01023471262305975,0.0,0.0007825000211596489,-2982.0771484375,3466229.25,none
390,473,472.972683429718,,1676687909.5943584,158000,,,0.05000000074505806,97.0,200.0,0.00810373853892088,0.0,0.0007825000211596489,-2977.040283203125,3481111.25,none
391,474,474.5501961708069,,1676687911.1718712,158500,,,0.05000000074505806,97.0,200.0,0.0006494943518191576,0.0,0.0007825000211596489,-2976.681640625,3495998.5,none
392,475,475.8213994503021,334.0,1676687912.4430745,158900,250.0,119.11000061035156,0.05000000074505806,,,5.983053415548056e-05,0.0,0.0007825000211596489,-2980.3095703125,3507909.25,none
393,477,477.7310981750488,,1676687914.3527732,159500,,,0.05000000074505806,97.0,200.0,6.980347097851336e-05,0.0,0.0007825000211596489,-2972.899169921875,3525776.5,none
394,481,482.2013566493988,333.0,1676687918.8230317,160900,250.0,119.1449966430664,0.05000000074505806,,,3.485597335384227e-05,0.0,0.0007825000211596489,-2875.54052734375,3567476.25,none
395,482,482.5185136795044,,1676687919.1401887,161000,,,0.05000000074505806,97.0,200.0,3.1988693081075326e-05,0.0,0.0007825000211596489,-2864.379638671875,3570455.0,none
396,483,484.1036989688874,,1676687920.725374,161500,,,0.05000000074505806,97.0,200.0,2.7030890123569407e-05,0.0,0.0007825000211596489,-2879.06640625,3585349.5,none
397,484,485.38238739967346,333.0,1676687922.0040624,161900,250.0,119.16999816894533,0.05000000074505806,,,0.012181741185486317,0.0,0.0007825000211596489,-2873.8798828125,3597265.0,none
398,486,487.29626870155334,,1676687923.9179437,162500,,,0.05000000074505806,97.0,200.0,0.01002418715506792,0.0,0.0007825000211596489,-2873.886962890625,3615140.25,none
399,488,488.8705661296845,,1676687925.4922411,163000,,,0.05000000074505806,97.0,200.0,4.682188591687009e-05,0.0,0.0007825000211596489,-2872.641357421875,3630033.25,none
400,490,491.745730638504,333.0,1676687928.3674057,163900,250.0,119.1500015258789,0.05000000074505806,,,4.261070716893301e-05,0.0,0.0007825000211596489,-2874.9111328125,3656841.5,none
401,491,492.0294013023377,,1676687928.6510763,164000,,,0.05000000074505806,97.0,200.0,6.802952702855691e-05,0.0,0.0007825000211596489,-2875.4033203125,3659820.25,none
402,493,494.90931153297424,333.0,1676687931.5309863,164900,250.0,119.1449966430664,0.05000000074505806,,,1.6032505300245248e-05,0.0,0.0007825000211596489,-2875.4228515625,3686630.25,none
403,495,496.7068555355072,,1676687933.3285306,165500,,,0.05000000074505806,97.0,200.0,2.2354788598022424e-05,0.0,0.0007825000211596489,-2876.20556640625,3704501.0,none
404,496,497.28293919563293,333.0,1676687933.9046142,165900,250.0,119.1500015258789,0.05000000074505806,,,0.010013376362621784,0.0,0.0007825000211596489,-2873.469970703125,3716414.0,none
405,497,497.4435427188874,,1676687934.0652175,166000,,,0.05000000074505806,97.0,200.0,2.4599581593065523e-05,0.0,0.0007825000211596489,-2873.880126953125,3719392.75,none
406,498,498.17736291885376,,1676687934.799038,166500,,,0.05000000074505806,97.0,200.0,0.020210810005664825,0.0,0.0007825000211596489,-2873.50439453125,3734289.5,none
407,499,498.7530553340912,334.0,1676687935.3747303,166900,250.0,119.20500183105467,0.05000000074505806,,,5.350164792616851e-05,0.0,0.0007825000211596489,-2873.525390625,3746210.0,none
408,500,498.913948059082,,1676687935.535623,167000,,,0.05000000074505806,97.0,200.0,0.000601329724304378,0.0,0.0007825000211596489,-2878.136474609375,3749190.0,none
409,501,499.6484725475311,,1676687936.2701476,167500,,,0.05000000074505806,97.0,200.0,0.01069321297109127,0.0,0.0007825000211596489,-2870.580078125,3764091.0,none
410,503,500.39268708229065,,1676687937.014362,168000,,,0.05000000074505806,97.0,200.0,2.9710286980844103e-05,0.0,0.0007825000211596489,-2868.0439453125,3778991.75,none
411,504,501.1336600780487,,1676687937.755335,168500,,,0.05000000074505806,97.0,200.0,4.560198067338206e-05,0.0,0.0007825000211596489,-2872.87744140625,3793893.0,none
412,505,501.70920872688293,336.0,1676687938.3308835,168900,250.0,119.19000244140624,0.05000000074505806,,,6.869777280371636e-05,0.0,0.0007825000211596489,-2870.9853515625,3805813.25,none
413,506,501.87002539634705,,1676687938.4917004,169000,,,0.05000000074505806,97.0,200.0,0.01238212175667286,0.0,0.0007825000211596489,-2876.6142578125,3808793.0,none
414,507,502.61181473731995,,1676687939.2334898,169500,,,0.05000000074505806,97.0,200.0,3.864202517434023e-05,0.0,0.0007825000211596489,-2868.264404296875,3823689.0,none
415,508,503.1892070770264,337.0,1676687939.810882,169900,250.0,119.11499786376952,0.05000000074505806,,,0.010159401223063467,0.0,0.0007825000211596489,-2871.80224609375,3835601.75,none
416,509,503.3514347076416,,1676687939.9731095,170000,,,0.05000000074505806,97.0,200.0,3.324345743749291e-05,0.0,0.0007825000211596489,-2876.865234375,3838579.75,none
417,510,504.0998184680939,,1676687940.7214935,170500,,,0.05000000074505806,97.0,200.0,3.375525921001099e-05,0.0,0.0007825000211596489,-2779.916015625,3853471.0,none
418,512,504.84205079078674,,1676687941.4637258,171000,,,0.05000000074505806,97.0,200.0,0.011957444250583649,0.0,0.0007825000211596489,-2779.66796875,3868363.75,none
419,514,506.16977429389954,339.0,1676687942.7914493,171900,250.0,119.15499877929688,0.05000000074505806,,,3.1475497962674126e-05,0.0,0.0007825000211596489,-2778.578125,3895174.0,none
420,515,506.3338432312012,,1676687942.9555182,172000,,,0.05000000074505806,97.0,200.0,0.009977363049983978,0.0,0.0007825000211596489,-2775.54443359375,3898153.0,none
421,516,507.0800697803498,,1676687943.7017448,172500,,,0.05000000074505806,97.0,200.0,1.5415977031807415e-05,0.0,0.0007825000211596489,-2771.826416015625,3913048.25,none
422,517,507.6542036533356,340.0,1676687944.275879,172900,250.0,119.16500091552734,0.05000000074505806,,,6.348085298668593e-05,0.0,0.0007825000211596489,-2772.7919921875,3924964.75,none
423,518,507.827351808548,,1676687944.4490268,173000,,,0.05000000074505806,97.0,200.0,0.01009281724691391,0.0,0.0007825000211596489,-2776.366943359375,3927943.75,none
424,519,508.5724399089813,,1676687945.194115,173500,,,0.05000000074505806,97.0,200.0,2.6974305001203905e-05,0.0,0.0007825000211596489,-2776.74365234375,3942839.5,none
425,520,509.1508502960205,341.0,1676687945.7725253,173900,250.0,119.16000366210938,0.05000000074505806,,,0.0005181907908990979,0.0,0.0007825000211596489,-2771.760009765625,3954756.0,none
426,522,510.0670955181122,,1676687946.6887703,174500,,,0.05000000074505806,97.0,200.0,1.4866221135889646e-05,0.0,0.0007825000211596489,-2779.712646484375,3972631.0,none
427,525,511.5577926635742,,1676687948.1794677,175500,,,0.05000000074505806,97.0,200.0,0.0003476515703368932,0.0,0.0007825000211596489,-2779.408447265625,4002435.75,none
428,526,512.1313371658325,343.0,1676687948.7530122,175900,250.0,119.21499633789062,0.05000000074505806,,,0.00011373639426892625,0.0,0.0007825000211596489,-2779.35205078125,4014360.75,none
429,527,512.2985827922821,,1676687948.9202578,176000,,,0.05000000074505806,97.0,200.0,6.841752474429086e-05,0.0,0.0007825000211596489,-2778.46875,4017341.0,none
430,528,513.0464568138123,,1676687949.6681318,176500,,,0.05000000074505806,97.0,200.0,8.651165262563154e-05,0.0,0.0007825000211596489,-2773.03369140625,4032243.25,none
431,529,513.6327905654907,344.0,1676687950.2544656,176900,250.0,119.26499938964844,0.05000000074505806,,,0.019912373274564743,0.0,0.0007825000211596489,-2778.16162109375,4044167.25,none
432,530,513.8018221855164,,1676687950.4234972,177000,,,0.05000000074505806,97.0,200.0,0.01013493910431862,0.0,0.0007825000211596489,-2769.453857421875,4047149.0,none
433,531,514.6224186420441,,1676687951.2440937,177500,,,0.05000000074505806,97.0,200.0,0.03041126020252705,0.0,0.0007825000211596489,-2767.367431640625,4062057.25,none
434,533,515.6927378177643,,1676687952.3144128,178000,,,0.05000000074505806,97.0,200.0,0.010147702880203724,0.0,0.0007825000211596489,-2775.33056640625,4076966.0,none
435,534,517.2871661186218,,1676687953.9088411,178500,,,0.05000000074505806,97.0,200.0,5.347891055862419e-05,0.0,0.0007825000211596489,-2779.572509765625,4091872.0,none
436,535,518.5678699016571,345.0,1676687955.189545,178900,250.0,119.1999969482422,0.05000000074505806,,,5.521307321032509e-05,0.0,0.0007825000211596489,-2774.10107421875,4103794.75,none
437,536,518.8942632675171,,1676687955.5159383,179000,,,0.05000000074505806,97.0,200.0,0.012075995095074177,0.0,0.0007825000211596489,-2778.18896484375,4106774.75,none
438,538,521.2096033096313,345.0,1676687957.8312783,179900,250.0,119.16500091552734,0.05000000074505806,,,5.584153041127138e-05,0.0,0.0007825000211596489,-2777.490234375,4133593.5,none
439,539,521.5460879802704,,1676687958.167763,180000,,,0.05000000074505806,97.0,200.0,9.787869203137234e-05,0.0,0.0007825000211596489,-2776.728271484375,4136572.5,none
440,541,524.4790654182434,345.0,1676687961.1007404,180900,250.0,119.19000244140624,0.05000000074505806,,,0.010167516767978668,0.0,0.0007825000211596489,-2672.767578125,4163387.5,none
441,542,524.8357474803925,,1676687961.4574225,181000,,,0.05000000074505806,97.0,200.0,0.005560086574405432,0.0,0.0007825000211596489,-2681.1337890625,4166367.25,none
442,543,526.4761378765106,,1676687963.097813,181500,,,0.05000000074505806,97.0,200.0,0.01013591419905424,0.0,0.0007825000211596489,-2679.578857421875,4181263.25,none
443,544,527.7619605064392,344.0,1676687964.3836355,181900,250.0,119.1500015258789,0.05000000074505806,,,0.020468035712838173,0.0,0.0007825000211596489,-2682.70068359375,4193177.75,none
444,545,528.1269342899323,,1676687964.7486093,182000,,,0.05000000074505806,97.0,200.0,4.610900577972643e-05,0.0,0.0007825000211596489,-2677.771484375,4196156.5,none
445,546,529.7784650325775,,1676687966.40014,182500,,,0.05000000074505806,97.0,200.0,3.4780303394654766e-05,0.0,0.0007825000211596489,-2675.2900390625,4211050.0,none
446,548,531.417994260788,,1676687968.0396693,183000,,,0.05000000074505806,97.0,200.0,1.567288563819602e-05,0.0,0.0007825000211596489,-2684.30078125,4225943.0,none
447,549,533.0561468601227,,1676687969.677822,183500,,,0.05000000074505806,97.0,200.0,2.378835779381916e-05,0.0,0.0007825000211596489,-2676.64208984375,4240834.0,none
448,550,534.307820558548,344.0,1676687970.9294956,183900,250.0,119.12999725341795,0.05000000074505806,,,2.0543984646792524e-05,0.0,0.0007825000211596489,-2677.08984375,4252747.0,none
449,551,534.6717867851257,,1676687971.2934618,184000,,,0.05000000074505806,97.0,200.0,0.00012653550948016346,0.0,0.0007825000211596489,-2678.380859375,4255725.5,none
450,552,536.2991788387299,,1676687972.920854,184500,,,0.05000000074505806,97.0,200.0,0.011924400925636292,0.0,0.0007825000211596489,-2682.45849609375,4270616.5,none
451,553,537.5471646785736,344.0,1676687974.1688397,184900,250.0,119.11499786376952,0.05000000074505806,,,8.746550156502053e-05,0.0,0.0007825000211596489,-2679.7177734375,4282528.5,none
452,556,540.7486841678619,344.0,1676687977.3703592,185900,250.0,119.1449966430664,0.05000000074505806,,,3.732528784894384e-05,0.0,0.0007825000211596489,-2674.312255859375,4312311.0,none
453,557,541.1072478294373,,1676687977.7289228,186000,,,0.05000000074505806,97.0,200.0,0.00013161246897652745,0.0,0.0007825000211596489,-2679.826171875,4315289.5,none
454,558,542.7065951824188,,1676687979.3282702,186500,,,0.05000000074505806,97.0,200.0,0.026779629290103912,0.0,0.0007825000211596489,-2675.0732421875,4330181.5,none
455,559,543.9519891738892,343.0,1676687980.5736642,186900,250.0,119.13500213623048,0.05000000074505806,,,5.740588312619366e-05,0.0,0.0007825000211596489,-2677.6826171875,4342095.5,none
456,561,545.9035174846649,,1676687982.5251925,187500,,,0.05000000074505806,97.0,200.0,0.010216004215180874,0.0,0.0007825000211596489,-2683.544921875,4359966.0,none
457,562,547.1323335170746,343.0,1676687983.7540083,187900,250.0,119.16000366210938,0.05000000074505806,,,0.010173911228775978,0.0,0.0007825000211596489,-2682.115234375,4371882.0,none
458,563,547.4907367229462,,1676687984.1124115,188000,,,0.05000000074505806,97.0,200.0,0.010171525180339811,0.0,0.0007825000211596489,-2687.0458984375,4374861.0,none
459,564,549.0757327079773,,1676687985.6974075,188500,,,0.05000000074505806,97.0,200.0,0.00031555831083096564,0.0,0.0007825000211596489,-2675.983154296875,4389756.0,none
460,565,550.3232705593109,343.0,1676687986.9449456,188900,250.0,119.1750030517578,0.05000000074505806,,,0.010181833989918232,0.0,0.0007825000211596489,-2680.072265625,4401673.0,none
461,567,552.2799339294434,,1676687988.901609,189500,,,0.05000000074505806,97.0,200.0,2.595292971818708e-05,0.0,0.0007825000211596489,-2674.87548828125,4419549.5,none
462,568,553.5153059959412,343.0,1676687990.136981,189900,250.0,119.19499969482422,0.05000000074505806,,,0.022173795849084858,0.0,0.0007825000211596489,-2683.76953125,4431467.5,none
463,569,553.8777496814728,,1676687990.4994247,190000,,,0.05000000074505806,97.0,200.0,0.00015746433928143233,0.0,0.0007825000211596489,-2681.36328125,4434447.0,none
464,570,555.4730269908905,,1676687992.094702,190500,,,0.05000000074505806,97.0,200.0,4.1099105146713555e-05,0.0,0.0007825000211596489,-2582.480224609375,4449348.5,none
465,571,556.7131369113922,343.0,1676687993.334812,190900,250.0,119.20500183105467,0.05000000074505806,,,6.83675316395238e-05,0.0,0.0007825000211596489,-2583.984619140625,4461271.5,none
466,572,557.0723962783813,,1676687993.6940713,191000,,,0.05000000074505806,97.0,200.0,7.918636401882395e-05,0.0,0.0007825000211596489,-2584.371337890625,4464251.5,none
467,573,558.6654245853424,,1676687995.2870996,191500,,,0.05000000074505806,97.0,200.0,4.4928561692358926e-05,0.0,0.0007825000211596489,-2583.010986328125,4479151.5,none
468,574,559.90159034729,342.0,1676687996.5232654,191900,250.0,119.18499755859376,0.05000000074505806,,,5.185973714105785e-05,0.0,0.0007825000211596489,-2583.171875,4491069.5,none
469,575,560.2608885765076,,1676687996.8825636,192000,,,0.05000000074505806,97.0,200.0,6.217542249942198e-05,0.0,0.0007825000211596489,-2581.24169921875,4494049.5,none
470,576,561.8671493530273,,1676687998.4888244,192500,,,0.05000000074505806,97.0,200.0,6.011974619468674e-05,0.0,0.0007825000211596489,-2589.45458984375,4508946.0,none
471,577,563.0979478359222,342.0,1676687999.7196229,192900,250.0,119.16500091552734,0.05000000074505806,,,3.0389959647436623e-05,0.0,0.0007825000211596489,-2586.64990234375,4520863.0,none
472,578,563.4557106494904,,1676688000.0773857,193000,,,0.05000000074505806,97.0,200.0,2.650697570061311e-05,0.0,0.0007825000211596489,-2585.94677734375,4523842.5,none
473,579,565.0454604625702,,1676688001.6671357,193500,,,0.05000000074505806,97.0,200.0,6.358572863973677e-05,0.0,0.0007825000211596489,-2584.84326171875,4538737.5,none
474,580,566.2918872833252,342.0,1676688002.9135623,193900,250.0,119.1750030517578,0.05000000074505806,,,4.559910303214565e-05,0.0,0.0007825000211596489,-2588.85498046875,4550654.5,none
475,581,566.659337759018,,1676688003.2810128,194000,,,0.05000000074505806,97.0,200.0,0.0101475790143013,0.0,0.0007825000211596489,-2578.15869140625,4553633.5,none
476,582,568.2583103179932,,1676688004.879985,194500,,,0.05000000074505806,97.0,200.0,0.0103128207847476,0.0,0.0007825000211596489,-2583.4873046875,4568532.5,none
477,583,569.4761009216309,342.0,1676688006.097776,194900,250.0,119.22000122070312,0.05000000074505806,,,4.395024734549224e-05,0.0,0.0007825000211596489,-2583.20556640625,4580454.5,none
478,584,569.83354139328,,1676688006.4552164,195000,,,0.05000000074505806,97.0,200.0,5.3673149523092434e-05,0.0,0.0007825000211596489,-2582.744140625,4583435.0,none
479,585,571.4213449954987,,1676688008.04302,195500,,,0.05000000074505806,97.0,200.0,5.539775884244591e-05,0.0,0.0007825000211596489,-2580.371337890625,4598337.0,none
480,586,572.658721446991,342.0,1676688009.2803965,195900,250.0,119.2249984741211,0.05000000074505806,,,0.010147785767912865,0.0,0.0007825000211596489,-2587.529296875,4610258.5,none
481,587,573.0164947509766,,1676688009.6381698,196000,,,0.05000000074505806,97.0,200.0,0.00010235320223728196,0.0,0.0007825000211596489,-2587.6416015625,4613239.0,none
482,588,574.6176280975342,,1676688011.239303,196500,,,0.05000000074505806,97.0,200.0,0.012140646576881409,0.0,0.0007825000211596489,-2577.75244140625,4628140.5,none
483,589,575.8652722835541,342.0,1676688012.4869473,196900,250.0,119.20999908447266,0.05000000074505806,,,5.554091330850497e-05,0.0,0.0007825000211596489,-2575.824951171875,4640061.0,none
484,590,576.2236511707306,,1676688012.8453262,197000,,,0.05000000074505806,97.0,200.0,6.878102431073785e-05,0.0,0.0007825000211596489,-2586.6923828125,4643041.5,none
485,591,577.8044710159302,,1676688014.426146,197500,,,0.05000000074505806,97.0,200.0,1.5570909454254434e-05,0.0,0.0007825000211596489,-2580.469970703125,4657942.5,none
486,593,579.3952174186707,,1676688016.0168924,198000,,,0.05000000074505806,97.0,200.0,0.01210144069045782,0.0,0.0007825000211596489,-2586.33740234375,4672843.5,none
487,594,580.9819214344025,,1676688017.6035964,198500,,,0.05000000074505806,97.0,200.0,0.010269937105476856,0.0,0.0007825000211596489,-2584.11181640625,4687744.5,none
488,595,582.2044186592102,341.0,1676688018.8260937,198900,250.0,119.19000244140624,0.05000000074505806,,,0.010315983556210996,0.0,0.0007825000211596489,-2581.568359375,4699664.0,none
489,596,582.5632424354553,,1676688019.1849174,199000,,,0.05000000074505806,97.0,200.0,0.010137069039046764,0.0,0.0007825000211596489,-2584.540771484375,4702643.5,none
490,597,584.1489403247833,,1676688020.770615,199500,,,0.05000000074505806,97.0,200.0,0.02024221047759056,0.0,0.0007825000211596489,-2585.364990234375,4717540.5,none
491,598,585.3695468902588,341.0,1676688021.991222,199900,250.0,119.15499877929688,0.05000000074505806,,,0.0005453851772472262,0.0,0.0007825000211596489,-2579.0859375,4729457.0,none
